layer_type,district_code,ward_code,zoom_level,x,y,size_bytes,extracted_relpath,source_url
ward_planning_map,HCM_Q10,HCM_Q10_Phuong1,10,0,0,8707,Media/Ban_do/HoChiMinh/HCM_Q10/HCM_Q10_Phuong1/10/0_0.jpeg,https://bandoquyhoach.vn/Media/Ban_do/HoChiMinh/HCM_Q10/HCM_Q10_Phuong1/10/0_0.jpeg
ward_planning_map,HCM_Q10,HCM_Q10_Phuong1,10,0,1,6453,Media/Ban_do/HoChiMinh/HCM_Q10/HCM_Q10_Phuong1/10/0_1.jpeg,https://bandoquyhoach.vn/Media/Ban_do/HoChiMinh/HCM_Q10/HCM_Q10_Phuong1/10/0_1.jpeg
ward_planning_map,HCM_Q10,HCM_Q10_Phuong1,10,0,2,2692,Media/Ban_do/HoChiMinh/HCM_Q10/HCM_Q10_Phuong1/10/0_2.jpeg,https://bandoquyhoach.vn/Media/Ban_do/HoChiMinh/HCM_Q10/HCM_Q10_Phuong1/10/0_2.jpeg
ward_planning_map,HCM_Q10,HCM_Q10_Phuong1,10,1,0,9649,Media/Ban_do/HoChiMinh/HCM_Q10/HCM_Q10_Phuong1/10/1_0.jpeg,https://bandoquyhoach.vn/Media/Ban_do/HoChiMinh/HCM_Q10/HCM_Q10_Phuong1/10/1_0.jpeg
ward_planning_map,HCM_Q10,HCM_Q10_Phuong1,10,1,1,11328,Media/Ban_do/HoChiMinh/HCM_Q10/HCM_Q10_Phuong1/10/1_1.jpeg,https://bandoquyhoach.vn/Media/Ban_do/HoChiMinh/HCM_Q10/HCM_Q10_Phuong1/10/1_1.jpeg
ward_planning_map,HCM_Q10,HCM_Q10_Phuong1,10,1,2,4613,Media/Ban_do/HoChiMinh/HCM_Q10/HCM_Q10_Phuong1/10/1_2.jpeg,https://bandoquyhoach.vn/Media/Ban_do/HoChiMinh/HCM_Q10/HCM_Q10_Phuong1/10/1_2.jpeg
ward_planning_map,HCM_Q10,HCM_Q10_Phuong1,10,2,0,3161,Media/Ban_do/HoChiMinh/HCM_Q10/HCM_Q10_Phuong1/10/2_0.jpeg,https://bandoquyhoach.vn/Media/Ban_do/HoChiMinh/HCM_Q10/HCM_Q10_Phuong1/10/2_0.jpeg
ward_planning_map,HCM_Q10,HCM_Q10_Phuong1,10,2,1,2096,Media/Ban_do/HoChiMinh/HCM_Q10/HCM_Q10_Phuong1/10/2_1.jpeg,https://bandoquyhoach.vn/Media/Ban_do/HoChiMinh/HCM_Q10/HCM_Q10_Phuong1/10/2_1.jpeg
ward_planning_map,HCM_Q10,HCM_Q10_Phuong1,10,2,2,1688,Media/Ban_do/HoChiMinh/HCM_Q10/HCM_Q10_Phuong1/10/2_2.jpeg,https://bandoquyhoach.vn/Media/Ban_do/HoChiMinh/HCM_Q10/HCM_Q10_Phuong1/10/2_2.jpeg
ward_planning_map,HCM_Q10,HCM_Q10_Phuong1,11,1,1,12407,Media/Ban_do/HoChiMinh/HCM_Q10/HCM_Q10_Phuong1/11/1_1.jpeg,https://bandoquyhoach.vn/Media/Ban_do/HoChiMinh/HCM_Q10/HCM_Q10_Phuong1/11/1_1.jpeg
ward_planning_map,HCM_Q10,HCM_Q10_Phuong1,11,1,2,13198,Media/Ban_do/HoChiMinh/HCM_Q10/HCM_Q10_Phuong1/11/1_2.jpeg,https://bandoquyhoach.vn/Media/Ban_do/HoChiMinh/HCM_Q10/HCM_Q10_Phuong1/11/1_2.jpeg
ward_planning_map,HCM_Q10,HCM_Q10_Phuong1,11,1,3,9336,Media/Ban_do/HoChiMinh/HCM_Q10/HCM_Q10_Phuong1/11/1_3.jpeg,https://bandoquyhoach.vn/Media/Ban_do/HoChiMinh/HCM_Q10/HCM_Q10_Phuong1/11/1_3.jpeg
ward_planning_map,HCM_Q10,HCM_Q10_Phuong1,11,2,1,9439,Media/Ban_do/HoChiMinh/HCM_Q10/HCM_Q10_Phuong1/11/2_1.jpeg,https://bandoquyhoach.vn/Media/Ban_do/HoChiMinh/HCM_Q10/HCM_Q10_Phuong1/11/2_1.jpeg
ward_planning_map,HCM_Q10,HCM_Q10_Phuong1,11,2,2,12287,Media/Ban_do/HoChiMinh/HCM_Q10/HCM_Q10_Phuong1/11/2_2.jpeg,https://bandoquyhoach.vn/Media/Ban_do/HoChiMinh/HCM_Q10/HCM_Q10_Phuong1/11/2_2.jpeg
ward_planning_map,HCM_Q10,HCM_Q10_Phuong1,11,2,3,13674,Media/Ban_do/HoChiMinh/HCM_Q10/HCM_Q10_Phuong1/11/2_3.jpeg,https://bandoquyhoach.vn/Media/Ban_do/HoChiMinh/HCM_Q10/HCM_Q10_Phuong1/11/2_3.jpeg
ward_planning_map,HCM_Q10,HCM_Q10_Phuong1,11,3,1,4351,Media/Ban_do/HoChiMinh/HCM_Q10/HCM_Q10_Phuong1/11/3_1.jpeg,https://bandoquyhoach.vn/Media/Ban_do/HoChiMinh/HCM_Q10/HCM_Q10_Phuong1/11/3_1.jpeg
ward_planning_map,HCM_Q10,HCM_Q10_Phuong1,11,3,2,9180,Media/Ban_do/HoChiMinh/HCM_Q10/HCM_Q10_Phuong1/11/3_2.jpeg,https://bandoquyhoach.vn/Media/Ban_do/HoChiMinh/HCM_Q10/HCM_Q10_Phuong1/11/3_2.jpeg
ward_planning_map,HCM_Q10,HCM_Q10_Phuong1,11,3,3,12398,Media/Ban_do/HoChiMinh/HCM_Q10/HCM_Q10_Phuong1/11/3_3.jpeg,https://bandoquyhoach.vn/Media/Ban_do/HoChiMinh/HCM_Q10/HCM_Q10_Phuong1/11/3_3.jpeg
ward_planning_map,HCM_Q10,HCM_Q10_Phuong1,11,4,1,2252,Media/Ban_do/HoChiMinh/HCM_Q10/HCM_Q10_Phuong1/11/4_1.jpeg,https://bandoquyhoach.vn/Media/Ban_do/HoChiMinh/HCM_Q10/HCM_Q10_Phuong1/11/4_1.jpeg
ward_planning_map,HCM_Q10,HCM_Q10_Phuong1,11,4,2,1886,Media/Ban_do/HoChiMinh/HCM_Q10/HCM_Q10_Phuong1/11/4_2.jpeg,https://bandoquyhoach.vn/Media/Ban_do/HoChiMinh/HCM_Q10/HCM_Q10_Phuong1/11/4_2.jpeg
ward_planning_map,HCM_Q10,HCM_Q10_Phuong1,11,4,3,2369,Media/Ban_do/HoChiMinh/HCM_Q10/HCM_Q10_Phuong1/11/4_3.jpeg,https://bandoquyhoach.vn/Media/Ban_do/HoChiMinh/HCM_Q10/HCM_Q10_Phuong1/11/4_3.jpeg
ward_planning_map,HCM_Q10,HCM_Q10_Phuong1,14,23,19,9356,Media/Ban_do/HoChiMinh/HCM_Q10/HCM_Q10_Phuong1/14/23_19.jpeg,https://bandoquyhoach.vn/Media/Ban_do/HoChiMinh/HCM_Q10/HCM_Q10_Phuong1/14/23_19.jpeg
ward_planning_map,HCM_Q10,HCM_Q10_Phuong1,14,23,20,7870,Media/Ban_do/HoChiMinh/HCM_Q10/HCM_Q10_Phuong1/14/23_20.jpeg,https://bandoquyhoach.vn/Media/Ban_do/HoChiMinh/HCM_Q10/HCM_Q10_Phuong1/14/23_20.jpeg
ward_planning_map,HCM_Q10,HCM_Q10_Phuong1,14,23,21,7841,Media/Ban_do/HoChiMinh/HCM_Q10/HCM_Q10_Phuong1/14/23_21.jpeg,https://bandoquyhoach.vn/Media/Ban_do/HoChiMinh/HCM_Q10/HCM_Q10_Phuong1/14/23_21.jpeg
ward_planning_map,HCM_Q10,HCM_Q10_Phuong1,14,24,19,9590,Media/Ban_do/HoChiMinh/HCM_Q10/HCM_Q10_Phuong1/14/24_19.jpeg,https://bandoquyhoach.vn/Media/Ban_do/HoChiMinh/HCM_Q10/HCM_Q10_Phuong1/14/24_19.jpeg
ward_planning_map,HCM_Q10,HCM_Q10_Phuong1,14,24,20,11487,Media/Ban_do/HoChiMinh/HCM_Q10/HCM_Q10_Phuong1/14/24_20.jpeg,https://bandoquyhoach.vn/Media/Ban_do/HoChiMinh/HCM_Q10/HCM_Q10_Phuong1/14/24_20.jpeg
ward_planning_map,HCM_Q10,HCM_Q10_Phuong1,14,24,21,7883,Media/Ban_do/HoChiMinh/HCM_Q10/HCM_Q10_Phuong1/14/24_21.jpeg,https://bandoquyhoach.vn/Media/Ban_do/HoChiMinh/HCM_Q10/HCM_Q10_Phuong1/14/24_21.jpeg
ward_planning_map,HCM_Q10,HCM_Q10_Phuong1,14,25,19,9843,Media/Ban_do/HoChiMinh/HCM_Q10/HCM_Q10_Phuong1/14/25_19.jpeg,https://bandoquyhoach.vn/Media/Ban_do/HoChiMinh/HCM_Q10/HCM_Q10_Phuong1/14/25_19.jpeg
ward_planning_map,HCM_Q10,HCM_Q10_Phuong1,14,25,20,6598,Media/Ban_do/HoChiMinh/HCM_Q10/HCM_Q10_Phuong1/14/25_20.jpeg,https://bandoquyhoach.vn/Media/Ban_do/HoChiMinh/HCM_Q10/HCM_Q10_Phuong1/14/25_20.jpeg
ward_planning_map,HCM_Q10,HCM_Q10_Phuong1,14,25,21,8411,Media/Ban_do/HoChiMinh/HCM_Q10/HCM_Q10_Phuong1/14/25_21.jpeg,https://bandoquyhoach.vn/Media/Ban_do/HoChiMinh/HCM_Q10/HCM_Q10_Phuong1/14/25_21.jpeg
ward_planning_map,HCM_Q10,HCM_Q10_Phuong1,14,26,19,12197,Media/Ban_do/HoChiMinh/HCM_Q10/HCM_Q10_Phuong1/14/26_19.jpeg,https://bandoquyhoach.vn/Media/Ban_do/HoChiMinh/HCM_Q10/HCM_Q10_Phuong1/14/26_19.jpeg
ward_planning_map,HCM_Q10,HCM_Q10_Phuong1,14,26,20,9687,Media/Ban_do/HoChiMinh/HCM_Q10/HCM_Q10_Phuong1/14/26_20.jpeg,https://bandoquyhoach.vn/Media/Ban_do/HoChiMinh/HCM_Q10/HCM_Q10_Phuong1/14/26_20.jpeg
ward_planning_map,HCM_Q10,HCM_Q10_Phuong1,14,26,21,8426,Media/Ban_do/HoChiMinh/HCM_Q10/HCM_Q10_Phuong1/14/26_21.jpeg,https://bandoquyhoach.vn/Media/Ban_do/HoChiMinh/HCM_Q10/HCM_Q10_Phuong1/14/26_21.jpeg
ward_planning_map,HCM_Q10,HCM_Q10_Phuong10,10,0,0,3967,Media/Ban_do/HoChiMinh/HCM_Q10/HCM_Q10_Phuong10/10/0_0.jpeg,https://bandoquyhoach.vn/Media/Ban_do/HoChiMinh/HCM_Q10/HCM_Q10_Phuong10/10/0_0.jpeg
ward_planning_map,HCM_Q10,HCM_Q10_Phuong10,10,0,1,4520,Media/Ban_do/HoChiMinh/HCM_Q10/HCM_Q10_Phuong10/10/0_1.jpeg,https://bandoquyhoach.vn/Media/Ban_do/HoChiMinh/HCM_Q10/HCM_Q10_Phuong10/10/0_1.jpeg
ward_planning_map,HCM_Q10,HCM_Q10_Phuong10,10,1,0,10209,Media/Ban_do/HoChiMinh/HCM_Q10/HCM_Q10_Phuong10/10/1_0.jpeg,https://bandoquyhoach.vn/Media/Ban_do/HoChiMinh/HCM_Q10/HCM_Q10_Phuong10/10/1_0.jpeg
ward_planning_map,HCM_Q10,HCM_Q10_Phuong10,10,1,1,7184,Media/Ban_do/HoChiMinh/HCM_Q10/HCM_Q10_Phuong10/10/1_1.jpeg,https://bandoquyhoach.vn/Media/Ban_do/HoChiMinh/HCM_Q10/HCM_Q10_Phuong10/10/1_1.jpeg
ward_planning_map,HCM_Q10,HCM_Q10_Phuong10,10,2,0,9581,Media/Ban_do/HoChiMinh/HCM_Q10/HCM_Q10_Phuong10/10/2_0.jpeg,https://bandoquyhoach.vn/Media/Ban_do/HoChiMinh/HCM_Q10/HCM_Q10_Phuong10/10/2_0.jpeg
ward_planning_map,HCM_Q10,HCM_Q10_Phuong10,10,2,1,9236,Media/Ban_do/HoChiMinh/HCM_Q10/HCM_Q10_Phuong10/10/2_1.jpeg,https://bandoquyhoach.vn/Media/Ban_do/HoChiMinh/HCM_Q10/HCM_Q10_Phuong10/10/2_1.jpeg
ward_planning_map,HCM_Q10,HCM_Q10_Phuong10,11,1,2,4362,Media/Ban_do/HoChiMinh/HCM_Q10/HCM_Q10_Phuong10/11/1_2.jpeg,https://bandoquyhoach.vn/Media/Ban_do/HoChiMinh/HCM_Q10/HCM_Q10_Phuong10/11/1_2.jpeg
ward_planning_map,HCM_Q10,HCM_Q10_Phuong10,11,1,3,4313,Media/Ban_do/HoChiMinh/HCM_Q10/HCM_Q10_Phuong10/11/1_3.jpeg,https://bandoquyhoach.vn/Media/Ban_do/HoChiMinh/HCM_Q10/HCM_Q10_Phuong10/11/1_3.jpeg
ward_planning_map,HCM_Q10,HCM_Q10_Phuong10,11,2,2,4403,Media/Ban_do/HoChiMinh/HCM_Q10/HCM_Q10_Phuong10/11/2_2.jpeg,https://bandoquyhoach.vn/Media/Ban_do/HoChiMinh/HCM_Q10/HCM_Q10_Phuong10/11/2_2.jpeg
ward_planning_map,HCM_Q10,HCM_Q10_Phuong10,11,2,3,3939,Media/Ban_do/HoChiMinh/HCM_Q10/HCM_Q10_Phuong10/11/2_3.jpeg,https://bandoquyhoach.vn/Media/Ban_do/HoChiMinh/HCM_Q10/HCM_Q10_Phuong10/11/2_3.jpeg
ward_planning_map,HCM_Q10,HCM_Q10_Phuong10,11,3,2,14966,Media/Ban_do/HoChiMinh/HCM_Q10/HCM_Q10_Phuong10/11/3_2.jpeg,https://bandoquyhoach.vn/Media/Ban_do/HoChiMinh/HCM_Q10/HCM_Q10_Phuong10/11/3_2.jpeg
ward_planning_map,HCM_Q10,HCM_Q10_Phuong10,11,3,3,6353,Media/Ban_do/HoChiMinh/HCM_Q10/HCM_Q10_Phuong10/11/3_3.jpeg,https://bandoquyhoach.vn/Media/Ban_do/HoChiMinh/HCM_Q10/HCM_Q10_Phuong10/11/3_3.jpeg
ward_planning_map,HCM_Q10,HCM_Q10_Phuong11,10,0,0,3356,Media/Ban_do/HoChiMinh/HCM_Q10/HCM_Q10_Phuong11/10/0_0.jpeg,https://bandoquyhoach.vn/Media/Ban_do/HoChiMinh/HCM_Q10/HCM_Q10_Phuong11/10/0_0.jpeg
ward_planning_map,HCM_Q10,HCM_Q10_Phuong11,10,0,1,6569,Media/Ban_do/HoChiMinh/HCM_Q10/HCM_Q10_Phuong11/10/0_1.jpeg,https://bandoquyhoach.vn/Media/Ban_do/HoChiMinh/HCM_Q10/HCM_Q10_Phuong11/10/0_1.jpeg
ward_planning_map,HCM_Q10,HCM_Q10_Phuong11,10,1,0,6509,Media/Ban_do/HoChiMinh/HCM_Q10/HCM_Q10_Phuong11/10/1_0.jpeg,https://bandoquyhoach.vn/Media/Ban_do/HoChiMinh/HCM_Q10/HCM_Q10_Phuong11/10/1_0.jpeg
ward_planning_map,HCM_Q10,HCM_Q10_Phuong11,10,1,1,3064,Media/Ban_do/HoChiMinh/HCM_Q10/HCM_Q10_Phuong11/10/1_1.jpeg,https://bandoquyhoach.vn/Media/Ban_do/HoChiMinh/HCM_Q10/HCM_Q10_Phuong11/10/1_1.jpeg
ward_planning_map,HCM_Q10,HCM_Q10_Phuong11,10,2,0,1442,Media/Ban_do/HoChiMinh/HCM_Q10/HCM_Q10_Phuong11/10/2_0.jpeg,https://bandoquyhoach.vn/Media/Ban_do/HoChiMinh/HCM_Q10/HCM_Q10_Phuong11/10/2_0.jpeg
ward_planning_map,HCM_Q10,HCM_Q10_Phuong11,10,2,1,984,Media/Ban_do/HoChiMinh/HCM_Q10/HCM_Q10_Phuong11/10/2_1.jpeg,https://bandoquyhoach.vn/Media/Ban_do/HoChiMinh/HCM_Q10/HCM_Q10_Phuong11/10/2_1.jpeg
ward_planning_map,HCM_Q10,HCM_Q10_Phuong13,12,4,2,9644,Media/Ban_do/HoChiMinh/HCM_Q10/HCM_Q10_Phuong13/12/4_2.jpeg,https://bandoquyhoach.vn/Media/Ban_do/HoChiMinh/HCM_Q10/HCM_Q10_Phuong13/12/4_2.jpeg
ward_planning_map,HCM_Q10,HCM_Q10_Phuong13,12,4,3,10949,Media/Ban_do/HoChiMinh/HCM_Q10/HCM_Q10_Phuong13/12/4_3.jpeg,https://bandoquyhoach.vn/Media/Ban_do/HoChiMinh/HCM_Q10/HCM_Q10_Phuong13/12/4_3.jpeg
ward_planning_map,HCM_Q10,HCM_Q10_Phuong13,12,4,4,5296,Media/Ban_do/HoChiMinh/HCM_Q10/HCM_Q10_Phuong13/12/4_4.jpeg,https://bandoquyhoach.vn/Media/Ban_do/HoChiMinh/HCM_Q10/HCM_Q10_Phuong13/12/4_4.jpeg
ward_planning_map,HCM_Q10,HCM_Q10_Phuong13,12,5,2,13381,Media/Ban_do/HoChiMinh/HCM_Q10/HCM_Q10_Phuong13/12/5_2.jpeg,https://bandoquyhoach.vn/Media/Ban_do/HoChiMinh/HCM_Q10/HCM_Q10_Phuong13/12/5_2.jpeg
ward_planning_map,HCM_Q10,HCM_Q10_Phuong13,12,5,3,12100,Media/Ban_do/HoChiMinh/HCM_Q10/HCM_Q10_Phuong13/12/5_3.jpeg,https://bandoquyhoach.vn/Media/Ban_do/HoChiMinh/HCM_Q10/HCM_Q10_Phuong13/12/5_3.jpeg
ward_planning_map,HCM_Q10,HCM_Q10_Phuong13,12,5,4,4630,Media/Ban_do/HoChiMinh/HCM_Q10/HCM_Q10_Phuong13/12/5_4.jpeg,https://bandoquyhoach.vn/Media/Ban_do/HoChiMinh/HCM_Q10/HCM_Q10_Phuong13/12/5_4.jpeg
ward_planning_map,HCM_Q10,HCM_Q10_Phuong13,12,6,2,9825,Media/Ban_do/HoChiMinh/HCM_Q10/HCM_Q10_Phuong13/12/6_2.jpeg,https://bandoquyhoach.vn/Media/Ban_do/HoChiMinh/HCM_Q10/HCM_Q10_Phuong13/12/6_2.jpeg
ward_planning_map,HCM_Q10,HCM_Q10_Phuong13,12,6,3,13221,Media/Ban_do/HoChiMinh/HCM_Q10/HCM_Q10_Phuong13/12/6_3.jpeg,https://bandoquyhoach.vn/Media/Ban_do/HoChiMinh/HCM_Q10/HCM_Q10_Phuong13/12/6_3.jpeg
ward_planning_map,HCM_Q10,HCM_Q10_Phuong13,12,6,4,8184,Media/Ban_do/HoChiMinh/HCM_Q10/HCM_Q10_Phuong13/12/6_4.jpeg,https://bandoquyhoach.vn/Media/Ban_do/HoChiMinh/HCM_Q10/HCM_Q10_Phuong13/12/6_4.jpeg
ward_planning_map,HCM_Q10,HCM_Q10_Phuong13,12,6,5,2673,Media/Ban_do/HoChiMinh/HCM_Q10/HCM_Q10_Phuong13/12/6_5.jpeg,https://bandoquyhoach.vn/Media/Ban_do/HoChiMinh/HCM_Q10/HCM_Q10_Phuong13/12/6_5.jpeg
ward_planning_map,HCM_Q10,HCM_Q10_Phuong13,12,7,2,12453,Media/Ban_do/HoChiMinh/HCM_Q10/HCM_Q10_Phuong13/12/7_2.jpeg,https://bandoquyhoach.vn/Media/Ban_do/HoChiMinh/HCM_Q10/HCM_Q10_Phuong13/12/7_2.jpeg
ward_planning_map,HCM_Q10,HCM_Q10_Phuong13,12,7,3,12512,Media/Ban_do/HoChiMinh/HCM_Q10/HCM_Q10_Phuong13/12/7_3.jpeg,https://bandoquyhoach.vn/Media/Ban_do/HoChiMinh/HCM_Q10/HCM_Q10_Phuong13/12/7_3.jpeg
ward_planning_map,HCM_Q10,HCM_Q10_Phuong13,12,7,4,3420,Media/Ban_do/HoChiMinh/HCM_Q10/HCM_Q10_Phuong13/12/7_4.jpeg,https://bandoquyhoach.vn/Media/Ban_do/HoChiMinh/HCM_Q10/HCM_Q10_Phuong13/12/7_4.jpeg
ward_planning_map,HCM_Q10,HCM_Q10_Phuong2,11,0,0,4303,Media/Ban_do/HoChiMinh/HCM_Q10/HCM_Q10_Phuong2/11/0_0.jpeg,https://bandoquyhoach.vn/Media/Ban_do/HoChiMinh/HCM_Q10/HCM_Q10_Phuong2/11/0_0.jpeg
ward_planning_map,HCM_Q10,HCM_Q10_Phuong2,11,1,0,9465,Media/Ban_do/HoChiMinh/HCM_Q10/HCM_Q10_Phuong2/11/1_0.jpeg,https://bandoquyhoach.vn/Media/Ban_do/HoChiMinh/HCM_Q10/HCM_Q10_Phuong2/11/1_0.jpeg
ward_planning_map,HCM_Q10,HCM_Q10_Phuong2,11,1,4,2181,Media/Ban_do/HoChiMinh/HCM_Q10/HCM_Q10_Phuong2/11/1_4.jpeg,https://bandoquyhoach.vn/Media/Ban_do/HoChiMinh/HCM_Q10/HCM_Q10_Phuong2/11/1_4.jpeg
ward_planning_map,HCM_Q10,HCM_Q10_Phuong2,11,1,5,3903,Media/Ban_do/HoChiMinh/HCM_Q10/HCM_Q10_Phuong2/11/1_5.jpeg,https://bandoquyhoach.vn/Media/Ban_do/HoChiMinh/HCM_Q10/HCM_Q10_Phuong2/11/1_5.jpeg
ward_planning_map,HCM_Q10,HCM_Q10_Phuong2,11,2,0,8379,Media/Ban_do/HoChiMinh/HCM_Q10/HCM_Q10_Phuong2/11/2_0.jpeg,https://bandoquyhoach.vn/Media/Ban_do/HoChiMinh/HCM_Q10/HCM_Q10_Phuong2/11/2_0.jpeg
ward_planning_map,HCM_Q10,HCM_Q10_Phuong2,11,2,4,3686,Media/Ban_do/HoChiMinh/HCM_Q10/HCM_Q10_Phuong2/11/2_4.jpeg,https://bandoquyhoach.vn/Media/Ban_do/HoChiMinh/HCM_Q10/HCM_Q10_Phuong2/11/2_4.jpeg
ward_planning_map,HCM_Q10,HCM_Q10_Phuong2,11,2,5,3228,Media/Ban_do/HoChiMinh/HCM_Q10/HCM_Q10_Phuong2/11/2_5.jpeg,https://bandoquyhoach.vn/Media/Ban_do/HoChiMinh/HCM_Q10/HCM_Q10_Phuong2/11/2_5.jpeg
ward_planning_map,HCM_Q10,HCM_Q10_Phuong2,11,2,6,4511,Media/Ban_do/HoChiMinh/HCM_Q10/HCM_Q10_Phuong2/11/2_6.jpeg,https://bandoquyhoach.vn/Media/Ban_do/HoChiMinh/HCM_Q10/HCM_Q10_Phuong2/11/2_6.jpeg
ward_planning_map,HCM_Q10,HCM_Q10_Phuong2,11,2,7,1726,Media/Ban_do/HoChiMinh/HCM_Q10/HCM_Q10_Phuong2/11/2_7.jpeg,https://bandoquyhoach.vn/Media/Ban_do/HoChiMinh/HCM_Q10/HCM_Q10_Phuong2/11/2_7.jpeg
ward_planning_map,HCM_Q10,HCM_Q10_Phuong2,11,3,2,3414,Media/Ban_do/HoChiMinh/HCM_Q10/HCM_Q10_Phuong2/11/3_2.jpeg,https://bandoquyhoach.vn/Media/Ban_do/HoChiMinh/HCM_Q10/HCM_Q10_Phuong2/11/3_2.jpeg
ward_planning_map,HCM_Q10,HCM_Q10_Phuong2,11,3,3,3806,Media/Ban_do/HoChiMinh/HCM_Q10/HCM_Q10_Phuong2/11/3_3.jpeg,https://bandoquyhoach.vn/Media/Ban_do/HoChiMinh/HCM_Q10/HCM_Q10_Phuong2/11/3_3.jpeg
ward_planning_map,HCM_Q10,HCM_Q10_Phuong2,11,3,4,4352,Media/Ban_do/HoChiMinh/HCM_Q10/HCM_Q10_Phuong2/11/3_4.jpeg,https://bandoquyhoach.vn/Media/Ban_do/HoChiMinh/HCM_Q10/HCM_Q10_Phuong2/11/3_4.jpeg
ward_planning_map,HCM_Q10,HCM_Q10_Phuong2,11,3,5,3404,Media/Ban_do/HoChiMinh/HCM_Q10/HCM_Q10_Phuong2/11/3_5.jpeg,https://bandoquyhoach.vn/Media/Ban_do/HoChiMinh/HCM_Q10/HCM_Q10_Phuong2/11/3_5.jpeg
ward_planning_map,HCM_Q10,HCM_Q10_Phuong2,11,3,6,4639,Media/Ban_do/HoChiMinh/HCM_Q10/HCM_Q10_Phuong2/11/3_6.jpeg,https://bandoquyhoach.vn/Media/Ban_do/HoChiMinh/HCM_Q10/HCM_Q10_Phuong2/11/3_6.jpeg
ward_planning_map,HCM_Q10,HCM_Q10_Phuong2,11,4,1,4389,Media/Ban_do/HoChiMinh/HCM_Q10/HCM_Q10_Phuong2/11/4_1.jpeg,https://bandoquyhoach.vn/Media/Ban_do/HoChiMinh/HCM_Q10/HCM_Q10_Phuong2/11/4_1.jpeg
ward_planning_map,HCM_Q10,HCM_Q10_Phuong2,11,4,2,3506,Media/Ban_do/HoChiMinh/HCM_Q10/HCM_Q10_Phuong2/11/4_2.jpeg,https://bandoquyhoach.vn/Media/Ban_do/HoChiMinh/HCM_Q10/HCM_Q10_Phuong2/11/4_2.jpeg
ward_planning_map,HCM_Q10,HCM_Q10_Phuong2,11,4,3,3169,Media/Ban_do/HoChiMinh/HCM_Q10/HCM_Q10_Phuong2/11/4_3.jpeg,https://bandoquyhoach.vn/Media/Ban_do/HoChiMinh/HCM_Q10/HCM_Q10_Phuong2/11/4_3.jpeg
ward_planning_map,HCM_Q10,HCM_Q10_Phuong2,11,4,4,3628,Media/Ban_do/HoChiMinh/HCM_Q10/HCM_Q10_Phuong2/11/4_4.jpeg,https://bandoquyhoach.vn/Media/Ban_do/HoChiMinh/HCM_Q10/HCM_Q10_Phuong2/11/4_4.jpeg
ward_planning_map,HCM_Q10,HCM_Q10_Phuong2,11,4,5,3182,Media/Ban_do/HoChiMinh/HCM_Q10/HCM_Q10_Phuong2/11/4_5.jpeg,https://bandoquyhoach.vn/Media/Ban_do/HoChiMinh/HCM_Q10/HCM_Q10_Phuong2/11/4_5.jpeg
ward_planning_map,HCM_Q10,HCM_Q10_Phuong2,11,4,6,4122,Media/Ban_do/HoChiMinh/HCM_Q10/HCM_Q10_Phuong2/11/4_6.jpeg,https://bandoquyhoach.vn/Media/Ban_do/HoChiMinh/HCM_Q10/HCM_Q10_Phuong2/11/4_6.jpeg
ward_planning_map,HCM_Q10,HCM_Q10_Phuong2,11,5,5,3858,Media/Ban_do/HoChiMinh/HCM_Q10/HCM_Q10_Phuong2/11/5_5.jpeg,https://bandoquyhoach.vn/Media/Ban_do/HoChiMinh/HCM_Q10/HCM_Q10_Phuong2/11/5_5.jpeg
ward_planning_map,HCM_Q10,HCM_Q10_Phuong2,11,5,6,2425,Media/Ban_do/HoChiMinh/HCM_Q10/HCM_Q10_Phuong2/11/5_6.jpeg,https://bandoquyhoach.vn/Media/Ban_do/HoChiMinh/HCM_Q10/HCM_Q10_Phuong2/11/5_6.jpeg
ward_planning_map,HCM_Q10,HCM_Q10_Phuong2,11,6,5,4115,Media/Ban_do/HoChiMinh/HCM_Q10/HCM_Q10_Phuong2/11/6_5.jpeg,https://bandoquyhoach.vn/Media/Ban_do/HoChiMinh/HCM_Q10/HCM_Q10_Phuong2/11/6_5.jpeg
ward_planning_map,HCM_Q10,HCM_Q10_Phuong2,11,7,5,2108,Media/Ban_do/HoChiMinh/HCM_Q10/HCM_Q10_Phuong2/11/7_5.jpeg,https://bandoquyhoach.vn/Media/Ban_do/HoChiMinh/HCM_Q10/HCM_Q10_Phuong2/11/7_5.jpeg
ward_planning_map,HCM_Q10,HCM_Q10_Phuong2,11,7,6,1224,Media/Ban_do/HoChiMinh/HCM_Q10/HCM_Q10_Phuong2/11/7_6.jpeg,https://bandoquyhoach.vn/Media/Ban_do/HoChiMinh/HCM_Q10/HCM_Q10_Phuong2/11/7_6.jpeg
ward_planning_map,HCM_Q10,HCM_Q10_Phuong2,11,7,7,1002,Media/Ban_do/HoChiMinh/HCM_Q10/HCM_Q10_Phuong2/11/7_7.jpeg,https://bandoquyhoach.vn/Media/Ban_do/HoChiMinh/HCM_Q10/HCM_Q10_Phuong2/11/7_7.jpeg
ward_planning_map,HCM_Q10,HCM_Q10_Phuong2,12,7,12,4007,Media/Ban_do/HoChiMinh/HCM_Q10/HCM_Q10_Phuong2/12/7_12.jpeg,https://bandoquyhoach.vn/Media/Ban_do/HoChiMinh/HCM_Q10/HCM_Q10_Phuong2/12/7_12.jpeg
ward_planning_map,HCM_Q10,HCM_Q10_Phuong2,12,7,13,3310,Media/Ban_do/HoChiMinh/HCM_Q10/HCM_Q10_Phuong2/12/7_13.jpeg,https://bandoquyhoach.vn/Media/Ban_do/HoChiMinh/HCM_Q10/HCM_Q10_Phuong2/12/7_13.jpeg
ward_planning_map,HCM_Q10,HCM_Q10_Phuong2,12,8,12,5452,Media/Ban_do/HoChiMinh/HCM_Q10/HCM_Q10_Phuong2/12/8_12.jpeg,https://bandoquyhoach.vn/Media/Ban_do/HoChiMinh/HCM_Q10/HCM_Q10_Phuong2/12/8_12.jpeg
ward_planning_map,HCM_Q10,HCM_Q10_Phuong2,12,8,13,3746,Media/Ban_do/HoChiMinh/HCM_Q10/HCM_Q10_Phuong2/12/8_13.jpeg,https://bandoquyhoach.vn/Media/Ban_do/HoChiMinh/HCM_Q10/HCM_Q10_Phuong2/12/8_13.jpeg
ward_planning_map,HCM_Q10,HCM_Q10_Phuong2,12,9,12,3488,Media/Ban_do/HoChiMinh/HCM_Q10/HCM_Q10_Phuong2/12/9_12.jpeg,https://bandoquyhoach.vn/Media/Ban_do/HoChiMinh/HCM_Q10/HCM_Q10_Phuong2/12/9_12.jpeg
ward_planning_map,HCM_Q10,HCM_Q10_Phuong2,12,9,13,3740,Media/Ban_do/HoChiMinh/HCM_Q10/HCM_Q10_Phuong2/12/9_13.jpeg,https://bandoquyhoach.vn/Media/Ban_do/HoChiMinh/HCM_Q10/HCM_Q10_Phuong2/12/9_13.jpeg
ward_planning_map,HCM_Q10,HCM_Q10_Phuong2,13,6,5,1756,Media/Ban_do/HoChiMinh/HCM_Q10/HCM_Q10_Phuong2/13/6_5.jpeg,https://bandoquyhoach.vn/Media/Ban_do/HoChiMinh/HCM_Q10/HCM_Q10_Phuong2/13/6_5.jpeg
ward_planning_map,HCM_Q10,HCM_Q10_Phuong2,13,15,24,4000,Media/Ban_do/HoChiMinh/HCM_Q10/HCM_Q10_Phuong2/13/15_24.jpeg,https://bandoquyhoach.vn/Media/Ban_do/HoChiMinh/HCM_Q10/HCM_Q10_Phuong2/13/15_24.jpeg
ward_planning_map,HCM_Q10,HCM_Q10_Phuong2,13,15,25,4309,Media/Ban_do/HoChiMinh/HCM_Q10/HCM_Q10_Phuong2/13/15_25.jpeg,https://bandoquyhoach.vn/Media/Ban_do/HoChiMinh/HCM_Q10/HCM_Q10_Phuong2/13/15_25.jpeg
ward_planning_map,HCM_Q10,HCM_Q10_Phuong2,13,15,26,4164,Media/Ban_do/HoChiMinh/HCM_Q10/HCM_Q10_Phuong2/13/15_26.jpeg,https://bandoquyhoach.vn/Media/Ban_do/HoChiMinh/HCM_Q10/HCM_Q10_Phuong2/13/15_26.jpeg
ward_planning_map,HCM_Q10,HCM_Q10_Phuong2,13,16,24,5926,Media/Ban_do/HoChiMinh/HCM_Q10/HCM_Q10_Phuong2/13/16_24.jpeg,https://bandoquyhoach.vn/Media/Ban_do/HoChiMinh/HCM_Q10/HCM_Q10_Phuong2/13/16_24.jpeg
ward_planning_map,HCM_Q10,HCM_Q10_Phuong2,13,16,25,7524,Media/Ban_do/HoChiMinh/HCM_Q10/HCM_Q10_Phuong2/13/16_25.jpeg,https://bandoquyhoach.vn/Media/Ban_do/HoChiMinh/HCM_Q10/HCM_Q10_Phuong2/13/16_25.jpeg
ward_planning_map,HCM_Q10,HCM_Q10_Phuong2,13,16,26,5956,Media/Ban_do/HoChiMinh/HCM_Q10/HCM_Q10_Phuong2/13/16_26.jpeg,https://bandoquyhoach.vn/Media/Ban_do/HoChiMinh/HCM_Q10/HCM_Q10_Phuong2/13/16_26.jpeg
ward_planning_map,HCM_Q10,HCM_Q10_Phuong2,13,17,24,3434,Media/Ban_do/HoChiMinh/HCM_Q10/HCM_Q10_Phuong2/13/17_24.jpeg,https://bandoquyhoach.vn/Media/Ban_do/HoChiMinh/HCM_Q10/HCM_Q10_Phuong2/13/17_24.jpeg
ward_planning_map,HCM_Q10,HCM_Q10_Phuong2,13,17,25,5457,Media/Ban_do/HoChiMinh/HCM_Q10/HCM_Q10_Phuong2/13/17_25.jpeg,https://bandoquyhoach.vn/Media/Ban_do/HoChiMinh/HCM_Q10/HCM_Q10_Phuong2/13/17_25.jpeg
ward_planning_map,HCM_Q10,HCM_Q10_Phuong2,13,17,26,4264,Media/Ban_do/HoChiMinh/HCM_Q10/HCM_Q10_Phuong2/13/17_26.jpeg,https://bandoquyhoach.vn/Media/Ban_do/HoChiMinh/HCM_Q10/HCM_Q10_Phuong2/13/17_26.jpeg
ward_planning_map,HCM_Q10,HCM_Q10_Phuong2,13,18,24,3596,Media/Ban_do/HoChiMinh/HCM_Q10/HCM_Q10_Phuong2/13/18_24.jpeg,https://bandoquyhoach.vn/Media/Ban_do/HoChiMinh/HCM_Q10/HCM_Q10_Phuong2/13/18_24.jpeg
ward_planning_map,HCM_Q10,HCM_Q10_Phuong2,13,18,25,5086,Media/Ban_do/HoChiMinh/HCM_Q10/HCM_Q10_Phuong2/13/18_25.jpeg,https://bandoquyhoach.vn/Media/Ban_do/HoChiMinh/HCM_Q10/HCM_Q10_Phuong2/13/18_25.jpeg
ward_planning_map,HCM_Q10,HCM_Q10_Phuong2,13,18,26,3885,Media/Ban_do/HoChiMinh/HCM_Q10/HCM_Q10_Phuong2/13/18_26.jpeg,https://bandoquyhoach.vn/Media/Ban_do/HoChiMinh/HCM_Q10/HCM_Q10_Phuong2/13/18_26.jpeg
ward_planning_map,HCM_Q10,HCM_Q10_Phuong4,10,0,0,11867,Media/Ban_do/HoChiMinh/HCM_Q10/HCM_Q10_Phuong4/10/0_0.jpeg,https://bandoquyhoach.vn/Media/Ban_do/HoChiMinh/HCM_Q10/HCM_Q10_Phuong4/10/0_0.jpeg
ward_planning_map,HCM_Q10,HCM_Q10_Phuong4,10,0,1,9173,Media/Ban_do/HoChiMinh/HCM_Q10/HCM_Q10_Phuong4/10/0_1.jpeg,https://bandoquyhoach.vn/Media/Ban_do/HoChiMinh/HCM_Q10/HCM_Q10_Phuong4/10/0_1.jpeg
ward_planning_map,HCM_Q10,HCM_Q10_Phuong4,10,0,2,6158,Media/Ban_do/HoChiMinh/HCM_Q10/HCM_Q10_Phuong4/10/0_2.jpeg,https://bandoquyhoach.vn/Media/Ban_do/HoChiMinh/HCM_Q10/HCM_Q10_Phuong4/10/0_2.jpeg
ward_planning_map,HCM_Q10,HCM_Q10_Phuong4,10,1,0,9170,Media/Ban_do/HoChiMinh/HCM_Q10/HCM_Q10_Phuong4/10/1_0.jpeg,https://bandoquyhoach.vn/Media/Ban_do/HoChiMinh/HCM_Q10/HCM_Q10_Phuong4/10/1_0.jpeg
ward_planning_map,HCM_Q10,HCM_Q10_Phuong4,10,1,1,8727,Media/Ban_do/HoChiMinh/HCM_Q10/HCM_Q10_Phuong4/10/1_1.jpeg,https://bandoquyhoach.vn/Media/Ban_do/HoChiMinh/HCM_Q10/HCM_Q10_Phuong4/10/1_1.jpeg
ward_planning_map,HCM_Q10,HCM_Q10_Phuong4,10,1,2,3544,Media/Ban_do/HoChiMinh/HCM_Q10/HCM_Q10_Phuong4/10/1_2.jpeg,https://bandoquyhoach.vn/Media/Ban_do/HoChiMinh/HCM_Q10/HCM_Q10_Phuong4/10/1_2.jpeg
ward_planning_map,HCM_Q10,HCM_Q10_Phuong4,10,2,0,2372,Media/Ban_do/HoChiMinh/HCM_Q10/HCM_Q10_Phuong4/10/2_0.jpeg,https://bandoquyhoach.vn/Media/Ban_do/HoChiMinh/HCM_Q10/HCM_Q10_Phuong4/10/2_0.jpeg
ward_planning_map,HCM_Q10,HCM_Q10_Phuong4,10,2,1,1414,Media/Ban_do/HoChiMinh/HCM_Q10/HCM_Q10_Phuong4/10/2_1.jpeg,https://bandoquyhoach.vn/Media/Ban_do/HoChiMinh/HCM_Q10/HCM_Q10_Phuong4/10/2_1.jpeg
ward_planning_map,HCM_Q10,HCM_Q10_Phuong4,10,2,2,1122,Media/Ban_do/HoChiMinh/HCM_Q10/HCM_Q10_Phuong4/10/2_2.jpeg,https://bandoquyhoach.vn/Media/Ban_do/HoChiMinh/HCM_Q10/HCM_Q10_Phuong4/10/2_2.jpeg
ward_planning_map,HCM_Q10,HCM_Q10_Phuong4,11,0,0,10557,Media/Ban_do/HoChiMinh/HCM_Q10/HCM_Q10_Phuong4/11/0_0.jpeg,https://bandoquyhoach.vn/Media/Ban_do/HoChiMinh/HCM_Q10/HCM_Q10_Phuong4/11/0_0.jpeg
ward_planning_map,HCM_Q10,HCM_Q10_Phuong4,11,0,1,10973,Media/Ban_do/HoChiMinh/HCM_Q10/HCM_Q10_Phuong4/11/0_1.jpeg,https://bandoquyhoach.vn/Media/Ban_do/HoChiMinh/HCM_Q10/HCM_Q10_Phuong4/11/0_1.jpeg
ward_planning_map,HCM_Q10,HCM_Q10_Phuong4,11,1,0,13345,Media/Ban_do/HoChiMinh/HCM_Q10/HCM_Q10_Phuong4/11/1_0.jpeg,https://bandoquyhoach.vn/Media/Ban_do/HoChiMinh/HCM_Q10/HCM_Q10_Phuong4/11/1_0.jpeg
ward_planning_map,HCM_Q10,HCM_Q10_Phuong4,11,1,1,15077,Media/Ban_do/HoChiMinh/HCM_Q10/HCM_Q10_Phuong4/11/1_1.jpeg,https://bandoquyhoach.vn/Media/Ban_do/HoChiMinh/HCM_Q10/HCM_Q10_Phuong4/11/1_1.jpeg
ward_planning_map,HCM_Q10,HCM_Q10_Phuong4,11,1,2,13046,Media/Ban_do/HoChiMinh/HCM_Q10/HCM_Q10_Phuong4/11/1_2.jpeg,https://bandoquyhoach.vn/Media/Ban_do/HoChiMinh/HCM_Q10/HCM_Q10_Phuong4/11/1_2.jpeg
ward_planning_map,HCM_Q10,HCM_Q10_Phuong4,11,1,3,12838,Media/Ban_do/HoChiMinh/HCM_Q10/HCM_Q10_Phuong4/11/1_3.jpeg,https://bandoquyhoach.vn/Media/Ban_do/HoChiMinh/HCM_Q10/HCM_Q10_Phuong4/11/1_3.jpeg
ward_planning_map,HCM_Q10,HCM_Q10_Phuong4,11,1,4,10603,Media/Ban_do/HoChiMinh/HCM_Q10/HCM_Q10_Phuong4/11/1_4.jpeg,https://bandoquyhoach.vn/Media/Ban_do/HoChiMinh/HCM_Q10/HCM_Q10_Phuong4/11/1_4.jpeg
ward_planning_map,HCM_Q10,HCM_Q10_Phuong4,11,1,5,6112,Media/Ban_do/HoChiMinh/HCM_Q10/HCM_Q10_Phuong4/11/1_5.jpeg,https://bandoquyhoach.vn/Media/Ban_do/HoChiMinh/HCM_Q10/HCM_Q10_Phuong4/11/1_5.jpeg
ward_planning_map,HCM_Q10,HCM_Q10_Phuong4,11,2,1,10634,Media/Ban_do/HoChiMinh/HCM_Q10/HCM_Q10_Phuong4/11/2_1.jpeg,https://bandoquyhoach.vn/Media/Ban_do/HoChiMinh/HCM_Q10/HCM_Q10_Phuong4/11/2_1.jpeg
ward_planning_map,HCM_Q10,HCM_Q10_Phuong4,11,2,2,13768,Media/Ban_do/HoChiMinh/HCM_Q10/HCM_Q10_Phuong4/11/2_2.jpeg,https://bandoquyhoach.vn/Media/Ban_do/HoChiMinh/HCM_Q10/HCM_Q10_Phuong4/11/2_2.jpeg
ward_planning_map,HCM_Q10,HCM_Q10_Phuong4,11,2,3,9825,Media/Ban_do/HoChiMinh/HCM_Q10/HCM_Q10_Phuong4/11/2_3.jpeg,https://bandoquyhoach.vn/Media/Ban_do/HoChiMinh/HCM_Q10/HCM_Q10_Phuong4/11/2_3.jpeg
ward_planning_map,HCM_Q10,HCM_Q10_Phuong4,11,2,4,6834,Media/Ban_do/HoChiMinh/HCM_Q10/HCM_Q10_Phuong4/11/2_4.jpeg,https://bandoquyhoach.vn/Media/Ban_do/HoChiMinh/HCM_Q10/HCM_Q10_Phuong4/11/2_4.jpeg
ward_planning_map,HCM_Q10,HCM_Q10_Phuong4,11,2,5,1940,Media/Ban_do/HoChiMinh/HCM_Q10/HCM_Q10_Phuong4/11/2_5.jpeg,https://bandoquyhoach.vn/Media/Ban_do/HoChiMinh/HCM_Q10/HCM_Q10_Phuong4/11/2_5.jpeg
ward_planning_map,HCM_Q10,HCM_Q10_Phuong4,11,3,1,7338,Media/Ban_do/HoChiMinh/HCM_Q10/HCM_Q10_Phuong4/11/3_1.jpeg,https://bandoquyhoach.vn/Media/Ban_do/HoChiMinh/HCM_Q10/HCM_Q10_Phuong4/11/3_1.jpeg
ward_planning_map,HCM_Q10,HCM_Q10_Phuong4,11,3,2,10379,Media/Ban_do/HoChiMinh/HCM_Q10/HCM_Q10_Phuong4/11/3_2.jpeg,https://bandoquyhoach.vn/Media/Ban_do/HoChiMinh/HCM_Q10/HCM_Q10_Phuong4/11/3_2.jpeg
ward_planning_map,HCM_Q10,HCM_Q10_Phuong4,11,3,3,2590,Media/Ban_do/HoChiMinh/HCM_Q10/HCM_Q10_Phuong4/11/3_3.jpeg,https://bandoquyhoach.vn/Media/Ban_do/HoChiMinh/HCM_Q10/HCM_Q10_Phuong4/11/3_3.jpeg
ward_planning_map,HCM_Q10,HCM_Q10_Phuong4,11,3,5,1954,Media/Ban_do/HoChiMinh/HCM_Q10/HCM_Q10_Phuong4/11/3_5.jpeg,https://bandoquyhoach.vn/Media/Ban_do/HoChiMinh/HCM_Q10/HCM_Q10_Phuong4/11/3_5.jpeg
ward_planning_map,HCM_Q10,HCM_Q10_Phuong4,11,4,1,2908,Media/Ban_do/HoChiMinh/HCM_Q10/HCM_Q10_Phuong4/11/4_1.jpeg,https://bandoquyhoach.vn/Media/Ban_do/HoChiMinh/HCM_Q10/HCM_Q10_Phuong4/11/4_1.jpeg
ward_planning_map,HCM_Q10,HCM_Q10_Phuong4,11,4,2,2246,Media/Ban_do/HoChiMinh/HCM_Q10/HCM_Q10_Phuong4/11/4_2.jpeg,https://bandoquyhoach.vn/Media/Ban_do/HoChiMinh/HCM_Q10/HCM_Q10_Phuong4/11/4_2.jpeg
ward_planning_map,HCM_Q10,HCM_Q10_Phuong4,11,4,3,1392,Media/Ban_do/HoChiMinh/HCM_Q10/HCM_Q10_Phuong4/11/4_3.jpeg,https://bandoquyhoach.vn/Media/Ban_do/HoChiMinh/HCM_Q10/HCM_Q10_Phuong4/11/4_3.jpeg
ward_planning_map,HCM_Q10,HCM_Q10_Phuong4,12,0,0,4199,Media/Ban_do/HoChiMinh/HCM_Q10/HCM_Q10_Phuong4/12/0_0.jpeg,https://bandoquyhoach.vn/Media/Ban_do/HoChiMinh/HCM_Q10/HCM_Q10_Phuong4/12/0_0.jpeg
ward_planning_map,HCM_Q10,HCM_Q10_Phuong4,12,0,1,10788,Media/Ban_do/HoChiMinh/HCM_Q10/HCM_Q10_Phuong4/12/0_1.jpeg,https://bandoquyhoach.vn/Media/Ban_do/HoChiMinh/HCM_Q10/HCM_Q10_Phuong4/12/0_1.jpeg
ward_planning_map,HCM_Q10,HCM_Q10_Phuong4,12,0,2,8819,Media/Ban_do/HoChiMinh/HCM_Q10/HCM_Q10_Phuong4/12/0_2.jpeg,https://bandoquyhoach.vn/Media/Ban_do/HoChiMinh/HCM_Q10/HCM_Q10_Phuong4/12/0_2.jpeg
ward_planning_map,HCM_Q10,HCM_Q10_Phuong4,12,1,0,10455,Media/Ban_do/HoChiMinh/HCM_Q10/HCM_Q10_Phuong4/12/1_0.jpeg,https://bandoquyhoach.vn/Media/Ban_do/HoChiMinh/HCM_Q10/HCM_Q10_Phuong4/12/1_0.jpeg
ward_planning_map,HCM_Q10,HCM_Q10_Phuong4,12,1,1,12607,Media/Ban_do/HoChiMinh/HCM_Q10/HCM_Q10_Phuong4/12/1_1.jpeg,https://bandoquyhoach.vn/Media/Ban_do/HoChiMinh/HCM_Q10/HCM_Q10_Phuong4/12/1_1.jpeg
ward_planning_map,HCM_Q10,HCM_Q10_Phuong4,12,1,2,15183,Media/Ban_do/HoChiMinh/HCM_Q10/HCM_Q10_Phuong4/12/1_2.jpeg,https://bandoquyhoach.vn/Media/Ban_do/HoChiMinh/HCM_Q10/HCM_Q10_Phuong4/12/1_2.jpeg
ward_planning_map,HCM_Q10,HCM_Q10_Phuong4,12,1,3,12637,Media/Ban_do/HoChiMinh/HCM_Q10/HCM_Q10_Phuong4/12/1_3.jpeg,https://bandoquyhoach.vn/Media/Ban_do/HoChiMinh/HCM_Q10/HCM_Q10_Phuong4/12/1_3.jpeg
ward_planning_map,HCM_Q10,HCM_Q10_Phuong4,12,1,4,9911,Media/Ban_do/HoChiMinh/HCM_Q10/HCM_Q10_Phuong4/12/1_4.jpeg,https://bandoquyhoach.vn/Media/Ban_do/HoChiMinh/HCM_Q10/HCM_Q10_Phuong4/12/1_4.jpeg
ward_planning_map,HCM_Q10,HCM_Q10_Phuong4,12,1,5,3936,Media/Ban_do/HoChiMinh/HCM_Q10/HCM_Q10_Phuong4/12/1_5.jpeg,https://bandoquyhoach.vn/Media/Ban_do/HoChiMinh/HCM_Q10/HCM_Q10_Phuong4/12/1_5.jpeg
ward_planning_map,HCM_Q10,HCM_Q10_Phuong4,12,2,0,9381,Media/Ban_do/HoChiMinh/HCM_Q10/HCM_Q10_Phuong4/12/2_0.jpeg,https://bandoquyhoach.vn/Media/Ban_do/HoChiMinh/HCM_Q10/HCM_Q10_Phuong4/12/2_0.jpeg
ward_planning_map,HCM_Q10,HCM_Q10_Phuong4,12,2,1,14885,Media/Ban_do/HoChiMinh/HCM_Q10/HCM_Q10_Phuong4/12/2_1.jpeg,https://bandoquyhoach.vn/Media/Ban_do/HoChiMinh/HCM_Q10/HCM_Q10_Phuong4/12/2_1.jpeg
ward_planning_map,HCM_Q10,HCM_Q10_Phuong4,12,2,2,14397,Media/Ban_do/HoChiMinh/HCM_Q10/HCM_Q10_Phuong4/12/2_2.jpeg,https://bandoquyhoach.vn/Media/Ban_do/HoChiMinh/HCM_Q10/HCM_Q10_Phuong4/12/2_2.jpeg
ward_planning_map,HCM_Q10,HCM_Q10_Phuong4,12,2,3,15147,Media/Ban_do/HoChiMinh/HCM_Q10/HCM_Q10_Phuong4/12/2_3.jpeg,https://bandoquyhoach.vn/Media/Ban_do/HoChiMinh/HCM_Q10/HCM_Q10_Phuong4/12/2_3.jpeg
ward_planning_map,HCM_Q10,HCM_Q10_Phuong4,12,2,4,14268,Media/Ban_do/HoChiMinh/HCM_Q10/HCM_Q10_Phuong4/12/2_4.jpeg,https://bandoquyhoach.vn/Media/Ban_do/HoChiMinh/HCM_Q10/HCM_Q10_Phuong4/12/2_4.jpeg
ward_planning_map,HCM_Q10,HCM_Q10_Phuong4,12,2,5,5531,Media/Ban_do/HoChiMinh/HCM_Q10/HCM_Q10_Phuong4/12/2_5.jpeg,https://bandoquyhoach.vn/Media/Ban_do/HoChiMinh/HCM_Q10/HCM_Q10_Phuong4/12/2_5.jpeg
ward_planning_map,HCM_Q10,HCM_Q10_Phuong4,12,3,0,13276,Media/Ban_do/HoChiMinh/HCM_Q10/HCM_Q10_Phuong4/12/3_0.jpeg,https://bandoquyhoach.vn/Media/Ban_do/HoChiMinh/HCM_Q10/HCM_Q10_Phuong4/12/3_0.jpeg
ward_planning_map,HCM_Q10,HCM_Q10_Phuong4,12,3,1,15619,Media/Ban_do/HoChiMinh/HCM_Q10/HCM_Q10_Phuong4/12/3_1.jpeg,https://bandoquyhoach.vn/Media/Ban_do/HoChiMinh/HCM_Q10/HCM_Q10_Phuong4/12/3_1.jpeg
ward_planning_map,HCM_Q10,HCM_Q10_Phuong4,12,3,3,16631,Media/Ban_do/HoChiMinh/HCM_Q10/HCM_Q10_Phuong4/12/3_3.jpeg,https://bandoquyhoach.vn/Media/Ban_do/HoChiMinh/HCM_Q10/HCM_Q10_Phuong4/12/3_3.jpeg
ward_planning_map,HCM_Q10,HCM_Q10_Phuong4,12,3,4,15913,Media/Ban_do/HoChiMinh/HCM_Q10/HCM_Q10_Phuong4/12/3_4.jpeg,https://bandoquyhoach.vn/Media/Ban_do/HoChiMinh/HCM_Q10/HCM_Q10_Phuong4/12/3_4.jpeg
ward_planning_map,HCM_Q10,HCM_Q10_Phuong4,12,3,5,16747,Media/Ban_do/HoChiMinh/HCM_Q10/HCM_Q10_Phuong4/12/3_5.jpeg,https://bandoquyhoach.vn/Media/Ban_do/HoChiMinh/HCM_Q10/HCM_Q10_Phuong4/12/3_5.jpeg
ward_planning_map,HCM_Q10,HCM_Q10_Phuong4,12,4,0,6708,Media/Ban_do/HoChiMinh/HCM_Q10/HCM_Q10_Phuong4/12/4_0.jpeg,https://bandoquyhoach.vn/Media/Ban_do/HoChiMinh/HCM_Q10/HCM_Q10_Phuong4/12/4_0.jpeg
ward_planning_map,HCM_Q10,HCM_Q10_Phuong4,12,4,1,8926,Media/Ban_do/HoChiMinh/HCM_Q10/HCM_Q10_Phuong4/12/4_1.jpeg,https://bandoquyhoach.vn/Media/Ban_do/HoChiMinh/HCM_Q10/HCM_Q10_Phuong4/12/4_1.jpeg
ward_planning_map,HCM_Q10,HCM_Q10_Phuong4,12,4,3,14250,Media/Ban_do/HoChiMinh/HCM_Q10/HCM_Q10_Phuong4/12/4_3.jpeg,https://bandoquyhoach.vn/Media/Ban_do/HoChiMinh/HCM_Q10/HCM_Q10_Phuong4/12/4_3.jpeg
ward_planning_map,HCM_Q10,HCM_Q10_Phuong4,12,4,4,13089,Media/Ban_do/HoChiMinh/HCM_Q10/HCM_Q10_Phuong4/12/4_4.jpeg,https://bandoquyhoach.vn/Media/Ban_do/HoChiMinh/HCM_Q10/HCM_Q10_Phuong4/12/4_4.jpeg
ward_planning_map,HCM_Q10,HCM_Q10_Phuong4,12,4,5,15247,Media/Ban_do/HoChiMinh/HCM_Q10/HCM_Q10_Phuong4/12/4_5.jpeg,https://bandoquyhoach.vn/Media/Ban_do/HoChiMinh/HCM_Q10/HCM_Q10_Phuong4/12/4_5.jpeg
ward_planning_map,HCM_Q10,HCM_Q10_Phuong4,13,5,0,4647,Media/Ban_do/HoChiMinh/HCM_Q10/HCM_Q10_Phuong4/13/5_0.jpeg,https://bandoquyhoach.vn/Media/Ban_do/HoChiMinh/HCM_Q10/HCM_Q10_Phuong4/13/5_0.jpeg
ward_planning_map,HCM_Q10,HCM_Q10_Phuong4,13,5,1,12258,Media/Ban_do/HoChiMinh/HCM_Q10/HCM_Q10_Phuong4/13/5_1.jpeg,https://bandoquyhoach.vn/Media/Ban_do/HoChiMinh/HCM_Q10/HCM_Q10_Phuong4/13/5_1.jpeg
ward_planning_map,HCM_Q10,HCM_Q10_Phuong4,13,5,2,11912,Media/Ban_do/HoChiMinh/HCM_Q10/HCM_Q10_Phuong4/13/5_2.jpeg,https://bandoquyhoach.vn/Media/Ban_do/HoChiMinh/HCM_Q10/HCM_Q10_Phuong4/13/5_2.jpeg
ward_planning_map,HCM_Q10,HCM_Q10_Phuong4,13,6,0,7320,Media/Ban_do/HoChiMinh/HCM_Q10/HCM_Q10_Phuong4/13/6_0.jpeg,https://bandoquyhoach.vn/Media/Ban_do/HoChiMinh/HCM_Q10/HCM_Q10_Phuong4/13/6_0.jpeg
ward_planning_map,HCM_Q10,HCM_Q10_Phuong4,13,6,1,13811,Media/Ban_do/HoChiMinh/HCM_Q10/HCM_Q10_Phuong4/13/6_1.jpeg,https://bandoquyhoach.vn/Media/Ban_do/HoChiMinh/HCM_Q10/HCM_Q10_Phuong4/13/6_1.jpeg
ward_planning_map,HCM_Q10,HCM_Q10_Phuong4,13,6,2,13485,Media/Ban_do/HoChiMinh/HCM_Q10/HCM_Q10_Phuong4/13/6_2.jpeg,https://bandoquyhoach.vn/Media/Ban_do/HoChiMinh/HCM_Q10/HCM_Q10_Phuong4/13/6_2.jpeg
ward_planning_map,HCM_Q10,HCM_Q10_Phuong4,13,7,0,11783,Media/Ban_do/HoChiMinh/HCM_Q10/HCM_Q10_Phuong4/13/7_0.jpeg,https://bandoquyhoach.vn/Media/Ban_do/HoChiMinh/HCM_Q10/HCM_Q10_Phuong4/13/7_0.jpeg
ward_planning_map,HCM_Q10,HCM_Q10_Phuong4,13,7,1,13582,Media/Ban_do/HoChiMinh/HCM_Q10/HCM_Q10_Phuong4/13/7_1.jpeg,https://bandoquyhoach.vn/Media/Ban_do/HoChiMinh/HCM_Q10/HCM_Q10_Phuong4/13/7_1.jpeg
ward_planning_map,HCM_Q10,HCM_Q10_Phuong4,13,7,2,13578,Media/Ban_do/HoChiMinh/HCM_Q10/HCM_Q10_Phuong4/13/7_2.jpeg,https://bandoquyhoach.vn/Media/Ban_do/HoChiMinh/HCM_Q10/HCM_Q10_Phuong4/13/7_2.jpeg
ward_planning_map,HCM_Q10,HCM_Q10_Phuong4,13,8,0,7900,Media/Ban_do/HoChiMinh/HCM_Q10/HCM_Q10_Phuong4/13/8_0.jpeg,https://bandoquyhoach.vn/Media/Ban_do/HoChiMinh/HCM_Q10/HCM_Q10_Phuong4/13/8_0.jpeg
ward_planning_map,HCM_Q10,HCM_Q10_Phuong4,13,8,1,10429,Media/Ban_do/HoChiMinh/HCM_Q10/HCM_Q10_Phuong4/13/8_1.jpeg,https://bandoquyhoach.vn/Media/Ban_do/HoChiMinh/HCM_Q10/HCM_Q10_Phuong4/13/8_1.jpeg
ward_planning_map,HCM_Q10,HCM_Q10_Phuong4,14,9,1,2458,Media/Ban_do/HoChiMinh/HCM_Q10/HCM_Q10_Phuong4/14/9_1.jpeg,https://bandoquyhoach.vn/Media/Ban_do/HoChiMinh/HCM_Q10/HCM_Q10_Phuong4/14/9_1.jpeg
ward_planning_map,HCM_Q10,HCM_Q10_Phuong4,14,9,2,9181,Media/Ban_do/HoChiMinh/HCM_Q10/HCM_Q10_Phuong4/14/9_2.jpeg,https://bandoquyhoach.vn/Media/Ban_do/HoChiMinh/HCM_Q10/HCM_Q10_Phuong4/14/9_2.jpeg
ward_planning_map,HCM_Q10,HCM_Q10_Phuong4,14,9,3,8190,Media/Ban_do/HoChiMinh/HCM_Q10/HCM_Q10_Phuong4/14/9_3.jpeg,https://bandoquyhoach.vn/Media/Ban_do/HoChiMinh/HCM_Q10/HCM_Q10_Phuong4/14/9_3.jpeg
ward_planning_map,HCM_Q10,HCM_Q10_Phuong4,14,10,1,4872,Media/Ban_do/HoChiMinh/HCM_Q10/HCM_Q10_Phuong4/14/10_1.jpeg,https://bandoquyhoach.vn/Media/Ban_do/HoChiMinh/HCM_Q10/HCM_Q10_Phuong4/14/10_1.jpeg
ward_planning_map,HCM_Q10,HCM_Q10_Phuong4,14,10,2,8099,Media/Ban_do/HoChiMinh/HCM_Q10/HCM_Q10_Phuong4/14/10_2.jpeg,https://bandoquyhoach.vn/Media/Ban_do/HoChiMinh/HCM_Q10/HCM_Q10_Phuong4/14/10_2.jpeg
ward_planning_map,HCM_Q10,HCM_Q10_Phuong4,14,10,3,11126,Media/Ban_do/HoChiMinh/HCM_Q10/HCM_Q10_Phuong4/14/10_3.jpeg,https://bandoquyhoach.vn/Media/Ban_do/HoChiMinh/HCM_Q10/HCM_Q10_Phuong4/14/10_3.jpeg
ward_planning_map,HCM_Q10,HCM_Q10_Phuong4,14,10,11,9377,Media/Ban_do/HoChiMinh/HCM_Q10/HCM_Q10_Phuong4/14/10_11.jpeg,https://bandoquyhoach.vn/Media/Ban_do/HoChiMinh/HCM_Q10/HCM_Q10_Phuong4/14/10_11.jpeg
ward_planning_map,HCM_Q10,HCM_Q10_Phuong4,14,10,12,12424,Media/Ban_do/HoChiMinh/HCM_Q10/HCM_Q10_Phuong4/14/10_12.jpeg,https://bandoquyhoach.vn/Media/Ban_do/HoChiMinh/HCM_Q10/HCM_Q10_Phuong4/14/10_12.jpeg
ward_planning_map,HCM_Q10,HCM_Q10_Phuong4,14,10,13,13162,Media/Ban_do/HoChiMinh/HCM_Q10/HCM_Q10_Phuong4/14/10_13.jpeg,https://bandoquyhoach.vn/Media/Ban_do/HoChiMinh/HCM_Q10/HCM_Q10_Phuong4/14/10_13.jpeg
ward_planning_map,HCM_Q10,HCM_Q10_Phuong4,14,10,14,12372,Media/Ban_do/HoChiMinh/HCM_Q10/HCM_Q10_Phuong4/14/10_14.jpeg,https://bandoquyhoach.vn/Media/Ban_do/HoChiMinh/HCM_Q10/HCM_Q10_Phuong4/14/10_14.jpeg
ward_planning_map,HCM_Q10,HCM_Q10_Phuong4,14,10,15,8576,Media/Ban_do/HoChiMinh/HCM_Q10/HCM_Q10_Phuong4/14/10_15.jpeg,https://bandoquyhoach.vn/Media/Ban_do/HoChiMinh/HCM_Q10/HCM_Q10_Phuong4/14/10_15.jpeg
ward_planning_map,HCM_Q10,HCM_Q10_Phuong4,14,10,16,10072,Media/Ban_do/HoChiMinh/HCM_Q10/HCM_Q10_Phuong4/14/10_16.jpeg,https://bandoquyhoach.vn/Media/Ban_do/HoChiMinh/HCM_Q10/HCM_Q10_Phuong4/14/10_16.jpeg
ward_planning_map,HCM_Q10,HCM_Q10_Phuong4,14,11,0,2096,Media/Ban_do/HoChiMinh/HCM_Q10/HCM_Q10_Phuong4/14/11_0.jpeg,https://bandoquyhoach.vn/Media/Ban_do/HoChiMinh/HCM_Q10/HCM_Q10_Phuong4/14/11_0.jpeg
ward_planning_map,HCM_Q10,HCM_Q10_Phuong4,14,11,1,6046,Media/Ban_do/HoChiMinh/HCM_Q10/HCM_Q10_Phuong4/14/11_1.jpeg,https://bandoquyhoach.vn/Media/Ban_do/HoChiMinh/HCM_Q10/HCM_Q10_Phuong4/14/11_1.jpeg
ward_planning_map,HCM_Q10,HCM_Q10_Phuong4,14,11,2,8313,Media/Ban_do/HoChiMinh/HCM_Q10/HCM_Q10_Phuong4/14/11_2.jpeg,https://bandoquyhoach.vn/Media/Ban_do/HoChiMinh/HCM_Q10/HCM_Q10_Phuong4/14/11_2.jpeg
ward_planning_map,HCM_Q10,HCM_Q10_Phuong4,14,11,3,11846,Media/Ban_do/HoChiMinh/HCM_Q10/HCM_Q10_Phuong4/14/11_3.jpeg,https://bandoquyhoach.vn/Media/Ban_do/HoChiMinh/HCM_Q10/HCM_Q10_Phuong4/14/11_3.jpeg
ward_planning_map,HCM_Q10,HCM_Q10_Phuong4,14,11,11,7906,Media/Ban_do/HoChiMinh/HCM_Q10/HCM_Q10_Phuong4/14/11_11.jpeg,https://bandoquyhoach.vn/Media/Ban_do/HoChiMinh/HCM_Q10/HCM_Q10_Phuong4/14/11_11.jpeg
ward_planning_map,HCM_Q10,HCM_Q10_Phuong4,14,11,12,13899,Media/Ban_do/HoChiMinh/HCM_Q10/HCM_Q10_Phuong4/14/11_12.jpeg,https://bandoquyhoach.vn/Media/Ban_do/HoChiMinh/HCM_Q10/HCM_Q10_Phuong4/14/11_12.jpeg
ward_planning_map,HCM_Q10,HCM_Q10_Phuong4,14,11,13,9278,Media/Ban_do/HoChiMinh/HCM_Q10/HCM_Q10_Phuong4/14/11_13.jpeg,https://bandoquyhoach.vn/Media/Ban_do/HoChiMinh/HCM_Q10/HCM_Q10_Phuong4/14/11_13.jpeg
ward_planning_map,HCM_Q10,HCM_Q10_Phuong4,14,11,14,10778,Media/Ban_do/HoChiMinh/HCM_Q10/HCM_Q10_Phuong4/14/11_14.jpeg,https://bandoquyhoach.vn/Media/Ban_do/HoChiMinh/HCM_Q10/HCM_Q10_Phuong4/14/11_14.jpeg
ward_planning_map,HCM_Q10,HCM_Q10_Phuong4,14,11,15,11155,Media/Ban_do/HoChiMinh/HCM_Q10/HCM_Q10_Phuong4/14/11_15.jpeg,https://bandoquyhoach.vn/Media/Ban_do/HoChiMinh/HCM_Q10/HCM_Q10_Phuong4/14/11_15.jpeg
ward_planning_map,HCM_Q10,HCM_Q10_Phuong4,14,11,16,7587,Media/Ban_do/HoChiMinh/HCM_Q10/HCM_Q10_Phuong4/14/11_16.jpeg,https://bandoquyhoach.vn/Media/Ban_do/HoChiMinh/HCM_Q10/HCM_Q10_Phuong4/14/11_16.jpeg
ward_planning_map,HCM_Q10,HCM_Q10_Phuong4,14,12,0,2256,Media/Ban_do/HoChiMinh/HCM_Q10/HCM_Q10_Phuong4/14/12_0.jpeg,https://bandoquyhoach.vn/Media/Ban_do/HoChiMinh/HCM_Q10/HCM_Q10_Phuong4/14/12_0.jpeg
ward_planning_map,HCM_Q10,HCM_Q10_Phuong4,14,12,1,8370,Media/Ban_do/HoChiMinh/HCM_Q10/HCM_Q10_Phuong4/14/12_1.jpeg,https://bandoquyhoach.vn/Media/Ban_do/HoChiMinh/HCM_Q10/HCM_Q10_Phuong4/14/12_1.jpeg
ward_planning_map,HCM_Q10,HCM_Q10_Phuong4,14,12,2,9336,Media/Ban_do/HoChiMinh/HCM_Q10/HCM_Q10_Phuong4/14/12_2.jpeg,https://bandoquyhoach.vn/Media/Ban_do/HoChiMinh/HCM_Q10/HCM_Q10_Phuong4/14/12_2.jpeg
ward_planning_map,HCM_Q10,HCM_Q10_Phuong4,14,12,3,13955,Media/Ban_do/HoChiMinh/HCM_Q10/HCM_Q10_Phuong4/14/12_3.jpeg,https://bandoquyhoach.vn/Media/Ban_do/HoChiMinh/HCM_Q10/HCM_Q10_Phuong4/14/12_3.jpeg
ward_planning_map,HCM_Q10,HCM_Q10_Phuong4,14,12,11,14297,Media/Ban_do/HoChiMinh/HCM_Q10/HCM_Q10_Phuong4/14/12_11.jpeg,https://bandoquyhoach.vn/Media/Ban_do/HoChiMinh/HCM_Q10/HCM_Q10_Phuong4/14/12_11.jpeg
ward_planning_map,HCM_Q10,HCM_Q10_Phuong4,14,12,12,14489,Media/Ban_do/HoChiMinh/HCM_Q10/HCM_Q10_Phuong4/14/12_12.jpeg,https://bandoquyhoach.vn/Media/Ban_do/HoChiMinh/HCM_Q10/HCM_Q10_Phuong4/14/12_12.jpeg
ward_planning_map,HCM_Q10,HCM_Q10_Phuong4,14,12,13,12189,Media/Ban_do/HoChiMinh/HCM_Q10/HCM_Q10_Phuong4/14/12_13.jpeg,https://bandoquyhoach.vn/Media/Ban_do/HoChiMinh/HCM_Q10/HCM_Q10_Phuong4/14/12_13.jpeg
ward_planning_map,HCM_Q10,HCM_Q10_Phuong4,14,12,14,12540,Media/Ban_do/HoChiMinh/HCM_Q10/HCM_Q10_Phuong4/14/12_14.jpeg,https://bandoquyhoach.vn/Media/Ban_do/HoChiMinh/HCM_Q10/HCM_Q10_Phuong4/14/12_14.jpeg
ward_planning_map,HCM_Q10,HCM_Q10_Phuong4,14,12,15,8786,Media/Ban_do/HoChiMinh/HCM_Q10/HCM_Q10_Phuong4/14/12_15.jpeg,https://bandoquyhoach.vn/Media/Ban_do/HoChiMinh/HCM_Q10/HCM_Q10_Phuong4/14/12_15.jpeg
ward_planning_map,HCM_Q10,HCM_Q10_Phuong4,14,12,16,9234,Media/Ban_do/HoChiMinh/HCM_Q10/HCM_Q10_Phuong4/14/12_16.jpeg,https://bandoquyhoach.vn/Media/Ban_do/HoChiMinh/HCM_Q10/HCM_Q10_Phuong4/14/12_16.jpeg
ward_planning_map,HCM_Q10,HCM_Q10_Phuong4,14,13,0,2776,Media/Ban_do/HoChiMinh/HCM_Q10/HCM_Q10_Phuong4/14/13_0.jpeg,https://bandoquyhoach.vn/Media/Ban_do/HoChiMinh/HCM_Q10/HCM_Q10_Phuong4/14/13_0.jpeg
ward_planning_map,HCM_Q10,HCM_Q10_Phuong4,14,13,1,9435,Media/Ban_do/HoChiMinh/HCM_Q10/HCM_Q10_Phuong4/14/13_1.jpeg,https://bandoquyhoach.vn/Media/Ban_do/HoChiMinh/HCM_Q10/HCM_Q10_Phuong4/14/13_1.jpeg
ward_planning_map,HCM_Q10,HCM_Q10_Phuong4,14,13,2,10680,Media/Ban_do/HoChiMinh/HCM_Q10/HCM_Q10_Phuong4/14/13_2.jpeg,https://bandoquyhoach.vn/Media/Ban_do/HoChiMinh/HCM_Q10/HCM_Q10_Phuong4/14/13_2.jpeg
ward_planning_map,HCM_Q10,HCM_Q10_Phuong4,14,13,15,8726,Media/Ban_do/HoChiMinh/HCM_Q10/HCM_Q10_Phuong4/14/13_15.jpeg,https://bandoquyhoach.vn/Media/Ban_do/HoChiMinh/HCM_Q10/HCM_Q10_Phuong4/14/13_15.jpeg
ward_planning_map,HCM_Q10,HCM_Q10_Phuong4,14,13,16,8885,Media/Ban_do/HoChiMinh/HCM_Q10/HCM_Q10_Phuong4/14/13_16.jpeg,https://bandoquyhoach.vn/Media/Ban_do/HoChiMinh/HCM_Q10/HCM_Q10_Phuong4/14/13_16.jpeg
ward_planning_map,HCM_Q10,HCM_Q10_Phuong4,14,14,0,5263,Media/Ban_do/HoChiMinh/HCM_Q10/HCM_Q10_Phuong4/14/14_0.jpeg,https://bandoquyhoach.vn/Media/Ban_do/HoChiMinh/HCM_Q10/HCM_Q10_Phuong4/14/14_0.jpeg
ward_planning_map,HCM_Q10,HCM_Q10_Phuong4,14,14,1,10398,Media/Ban_do/HoChiMinh/HCM_Q10/HCM_Q10_Phuong4/14/14_1.jpeg,https://bandoquyhoach.vn/Media/Ban_do/HoChiMinh/HCM_Q10/HCM_Q10_Phuong4/14/14_1.jpeg
ward_planning_map,HCM_Q10,HCM_Q10_Phuong4,14,14,2,10354,Media/Ban_do/HoChiMinh/HCM_Q10/HCM_Q10_Phuong4/14/14_2.jpeg,https://bandoquyhoach.vn/Media/Ban_do/HoChiMinh/HCM_Q10/HCM_Q10_Phuong4/14/14_2.jpeg
ward_planning_map,HCM_Q10,HCM_Q10_Phuong4,14,15,0,9054,Media/Ban_do/HoChiMinh/HCM_Q10/HCM_Q10_Phuong4/14/15_0.jpeg,https://bandoquyhoach.vn/Media/Ban_do/HoChiMinh/HCM_Q10/HCM_Q10_Phuong4/14/15_0.jpeg
ward_planning_map,HCM_Q10,HCM_Q10_Phuong4,14,15,1,11388,Media/Ban_do/HoChiMinh/HCM_Q10/HCM_Q10_Phuong4/14/15_1.jpeg,https://bandoquyhoach.vn/Media/Ban_do/HoChiMinh/HCM_Q10/HCM_Q10_Phuong4/14/15_1.jpeg
ward_planning_map,HCM_Q10,HCM_Q10_Phuong4,14,15,2,13365,Media/Ban_do/HoChiMinh/HCM_Q10/HCM_Q10_Phuong4/14/15_2.jpeg,https://bandoquyhoach.vn/Media/Ban_do/HoChiMinh/HCM_Q10/HCM_Q10_Phuong4/14/15_2.jpeg
ward_planning_map,HCM_Q10,HCM_Q10_Phuong4,14,16,0,4583,Media/Ban_do/HoChiMinh/HCM_Q10/HCM_Q10_Phuong4/14/16_0.jpeg,https://bandoquyhoach.vn/Media/Ban_do/HoChiMinh/HCM_Q10/HCM_Q10_Phuong4/14/16_0.jpeg
ward_planning_map,HCM_Q10,HCM_Q10_Phuong4,14,16,1,9024,Media/Ban_do/HoChiMinh/HCM_Q10/HCM_Q10_Phuong4/14/16_1.jpeg,https://bandoquyhoach.vn/Media/Ban_do/HoChiMinh/HCM_Q10/HCM_Q10_Phuong4/14/16_1.jpeg
ward_planning_map,HCM_Q10,HCM_Q10_Phuong4,14,16,2,11733,Media/Ban_do/HoChiMinh/HCM_Q10/HCM_Q10_Phuong4/14/16_2.jpeg,https://bandoquyhoach.vn/Media/Ban_do/HoChiMinh/HCM_Q10/HCM_Q10_Phuong4/14/16_2.jpeg
ward_planning_map,HCM_Q10,HCM_Q10_Phuong4,15,24,2,3727,Media/Ban_do/HoChiMinh/HCM_Q10/HCM_Q10_Phuong4/15/24_2.jpeg,https://bandoquyhoach.vn/Media/Ban_do/HoChiMinh/HCM_Q10/HCM_Q10_Phuong4/15/24_2.jpeg
ward_planning_map,HCM_Q10,HCM_Q10_Phuong4,15,24,3,7551,Media/Ban_do/HoChiMinh/HCM_Q10/HCM_Q10_Phuong4/15/24_3.jpeg,https://bandoquyhoach.vn/Media/Ban_do/HoChiMinh/HCM_Q10/HCM_Q10_Phuong4/15/24_3.jpeg
ward_planning_map,HCM_Q10,HCM_Q10_Phuong4,15,24,4,6502,Media/Ban_do/HoChiMinh/HCM_Q10/HCM_Q10_Phuong4/15/24_4.jpeg,https://bandoquyhoach.vn/Media/Ban_do/HoChiMinh/HCM_Q10/HCM_Q10_Phuong4/15/24_4.jpeg
ward_planning_map,HCM_Q10,HCM_Q10_Phuong4,15,25,2,4259,Media/Ban_do/HoChiMinh/HCM_Q10/HCM_Q10_Phuong4/15/25_2.jpeg,https://bandoquyhoach.vn/Media/Ban_do/HoChiMinh/HCM_Q10/HCM_Q10_Phuong4/15/25_2.jpeg
ward_planning_map,HCM_Q10,HCM_Q10_Phuong4,15,25,3,10502,Media/Ban_do/HoChiMinh/HCM_Q10/HCM_Q10_Phuong4/15/25_3.jpeg,https://bandoquyhoach.vn/Media/Ban_do/HoChiMinh/HCM_Q10/HCM_Q10_Phuong4/15/25_3.jpeg
ward_planning_map,HCM_Q10,HCM_Q10_Phuong4,15,25,4,9651,Media/Ban_do/HoChiMinh/HCM_Q10/HCM_Q10_Phuong4/15/25_4.jpeg,https://bandoquyhoach.vn/Media/Ban_do/HoChiMinh/HCM_Q10/HCM_Q10_Phuong4/15/25_4.jpeg
ward_planning_map,HCM_Q10,HCM_Q10_Phuong4,15,26,2,5580,Media/Ban_do/HoChiMinh/HCM_Q10/HCM_Q10_Phuong4/15/26_2.jpeg,https://bandoquyhoach.vn/Media/Ban_do/HoChiMinh/HCM_Q10/HCM_Q10_Phuong4/15/26_2.jpeg
ward_planning_map,HCM_Q10,HCM_Q10_Phuong4,15,26,3,10078,Media/Ban_do/HoChiMinh/HCM_Q10/HCM_Q10_Phuong4/15/26_3.jpeg,https://bandoquyhoach.vn/Media/Ban_do/HoChiMinh/HCM_Q10/HCM_Q10_Phuong4/15/26_3.jpeg
ward_planning_map,HCM_Q10,HCM_Q10_Phuong4,15,26,4,9140,Media/Ban_do/HoChiMinh/HCM_Q10/HCM_Q10_Phuong4/15/26_4.jpeg,https://bandoquyhoach.vn/Media/Ban_do/HoChiMinh/HCM_Q10/HCM_Q10_Phuong4/15/26_4.jpeg
ward_planning_map,HCM_Q10,HCM_Q10_Phuong4,15,27,2,7486,Media/Ban_do/HoChiMinh/HCM_Q10/HCM_Q10_Phuong4/15/27_2.jpeg,https://bandoquyhoach.vn/Media/Ban_do/HoChiMinh/HCM_Q10/HCM_Q10_Phuong4/15/27_2.jpeg
ward_planning_map,HCM_Q10,HCM_Q10_Phuong4,15,27,3,6062,Media/Ban_do/HoChiMinh/HCM_Q10/HCM_Q10_Phuong4/15/27_3.jpeg,https://bandoquyhoach.vn/Media/Ban_do/HoChiMinh/HCM_Q10/HCM_Q10_Phuong4/15/27_3.jpeg
ward_planning_map,HCM_Q10,HCM_Q10_Phuong4,15,27,4,5261,Media/Ban_do/HoChiMinh/HCM_Q10/HCM_Q10_Phuong4/15/27_4.jpeg,https://bandoquyhoach.vn/Media/Ban_do/HoChiMinh/HCM_Q10/HCM_Q10_Phuong4/15/27_4.jpeg
ward_planning_map,HCM_Q10,HCM_Q10_Phuong4,15,28,2,10614,Media/Ban_do/HoChiMinh/HCM_Q10/HCM_Q10_Phuong4/15/28_2.jpeg,https://bandoquyhoach.vn/Media/Ban_do/HoChiMinh/HCM_Q10/HCM_Q10_Phuong4/15/28_2.jpeg
ward_planning_map,HCM_Q10,HCM_Q10_Phuong4,15,28,3,8151,Media/Ban_do/HoChiMinh/HCM_Q10/HCM_Q10_Phuong4/15/28_3.jpeg,https://bandoquyhoach.vn/Media/Ban_do/HoChiMinh/HCM_Q10/HCM_Q10_Phuong4/15/28_3.jpeg
ward_planning_map,HCM_Q10,HCM_Q10_Phuong4,15,28,4,7689,Media/Ban_do/HoChiMinh/HCM_Q10/HCM_Q10_Phuong4/15/28_4.jpeg,https://bandoquyhoach.vn/Media/Ban_do/HoChiMinh/HCM_Q10/HCM_Q10_Phuong4/15/28_4.jpeg
ward_planning_map,HCM_Q10,HCM_Q10_Phuong4,15,29,2,7756,Media/Ban_do/HoChiMinh/HCM_Q10/HCM_Q10_Phuong4/15/29_2.jpeg,https://bandoquyhoach.vn/Media/Ban_do/HoChiMinh/HCM_Q10/HCM_Q10_Phuong4/15/29_2.jpeg
ward_planning_map,HCM_Q10,HCM_Q10_Phuong4,15,29,3,5536,Media/Ban_do/HoChiMinh/HCM_Q10/HCM_Q10_Phuong4/15/29_3.jpeg,https://bandoquyhoach.vn/Media/Ban_do/HoChiMinh/HCM_Q10/HCM_Q10_Phuong4/15/29_3.jpeg
ward_planning_map,HCM_Q10,HCM_Q10_Phuong4,15,29,4,8300,Media/Ban_do/HoChiMinh/HCM_Q10/HCM_Q10_Phuong4/15/29_4.jpeg,https://bandoquyhoach.vn/Media/Ban_do/HoChiMinh/HCM_Q10/HCM_Q10_Phuong4/15/29_4.jpeg
ward_planning_map,HCM_Q10,HCM_Q10_Phuong5,10,0,0,12414,Media/Ban_do/HoChiMinh/HCM_Q10/HCM_Q10_Phuong5/10/0_0.jpeg,https://bandoquyhoach.vn/Media/Ban_do/HoChiMinh/HCM_Q10/HCM_Q10_Phuong5/10/0_0.jpeg
ward_planning_map,HCM_Q10,HCM_Q10_Phuong5,10,0,1,9288,Media/Ban_do/HoChiMinh/HCM_Q10/HCM_Q10_Phuong5/10/0_1.jpeg,https://bandoquyhoach.vn/Media/Ban_do/HoChiMinh/HCM_Q10/HCM_Q10_Phuong5/10/0_1.jpeg
ward_planning_map,HCM_Q10,HCM_Q10_Phuong5,10,0,2,1797,Media/Ban_do/HoChiMinh/HCM_Q10/HCM_Q10_Phuong5/10/0_2.jpeg,https://bandoquyhoach.vn/Media/Ban_do/HoChiMinh/HCM_Q10/HCM_Q10_Phuong5/10/0_2.jpeg
ward_planning_map,HCM_Q10,HCM_Q10_Phuong5,10,1,0,10282,Media/Ban_do/HoChiMinh/HCM_Q10/HCM_Q10_Phuong5/10/1_0.jpeg,https://bandoquyhoach.vn/Media/Ban_do/HoChiMinh/HCM_Q10/HCM_Q10_Phuong5/10/1_0.jpeg
ward_planning_map,HCM_Q10,HCM_Q10_Phuong5,10,1,1,8994,Media/Ban_do/HoChiMinh/HCM_Q10/HCM_Q10_Phuong5/10/1_1.jpeg,https://bandoquyhoach.vn/Media/Ban_do/HoChiMinh/HCM_Q10/HCM_Q10_Phuong5/10/1_1.jpeg
ward_planning_map,HCM_Q10,HCM_Q10_Phuong5,10,1,2,1721,Media/Ban_do/HoChiMinh/HCM_Q10/HCM_Q10_Phuong5/10/1_2.jpeg,https://bandoquyhoach.vn/Media/Ban_do/HoChiMinh/HCM_Q10/HCM_Q10_Phuong5/10/1_2.jpeg
ward_planning_map,HCM_Q10,HCM_Q10_Phuong5,13,4,5,11903,Media/Ban_do/HoChiMinh/HCM_Q10/HCM_Q10_Phuong5/13/4_5.jpeg,https://bandoquyhoach.vn/Media/Ban_do/HoChiMinh/HCM_Q10/HCM_Q10_Phuong5/13/4_5.jpeg
ward_planning_map,HCM_Q10,HCM_Q10_Phuong5,13,4,6,12362,Media/Ban_do/HoChiMinh/HCM_Q10/HCM_Q10_Phuong5/13/4_6.jpeg,https://bandoquyhoach.vn/Media/Ban_do/HoChiMinh/HCM_Q10/HCM_Q10_Phuong5/13/4_6.jpeg
ward_planning_map,HCM_Q10,HCM_Q10_Phuong5,13,4,7,8086,Media/Ban_do/HoChiMinh/HCM_Q10/HCM_Q10_Phuong5/13/4_7.jpeg,https://bandoquyhoach.vn/Media/Ban_do/HoChiMinh/HCM_Q10/HCM_Q10_Phuong5/13/4_7.jpeg
ward_planning_map,HCM_Q10,HCM_Q10_Phuong5,13,5,5,10177,Media/Ban_do/HoChiMinh/HCM_Q10/HCM_Q10_Phuong5/13/5_5.jpeg,https://bandoquyhoach.vn/Media/Ban_do/HoChiMinh/HCM_Q10/HCM_Q10_Phuong5/13/5_5.jpeg
ward_planning_map,HCM_Q10,HCM_Q10_Phuong5,13,5,6,10388,Media/Ban_do/HoChiMinh/HCM_Q10/HCM_Q10_Phuong5/13/5_6.jpeg,https://bandoquyhoach.vn/Media/Ban_do/HoChiMinh/HCM_Q10/HCM_Q10_Phuong5/13/5_6.jpeg
ward_planning_map,HCM_Q10,HCM_Q10_Phuong5,13,5,7,11899,Media/Ban_do/HoChiMinh/HCM_Q10/HCM_Q10_Phuong5/13/5_7.jpeg,https://bandoquyhoach.vn/Media/Ban_do/HoChiMinh/HCM_Q10/HCM_Q10_Phuong5/13/5_7.jpeg
ward_planning_map,HCM_Q10,HCM_Q10_Phuong5,13,6,5,10444,Media/Ban_do/HoChiMinh/HCM_Q10/HCM_Q10_Phuong5/13/6_5.jpeg,https://bandoquyhoach.vn/Media/Ban_do/HoChiMinh/HCM_Q10/HCM_Q10_Phuong5/13/6_5.jpeg
ward_planning_map,HCM_Q10,HCM_Q10_Phuong5,13,6,6,11480,Media/Ban_do/HoChiMinh/HCM_Q10/HCM_Q10_Phuong5/13/6_6.jpeg,https://bandoquyhoach.vn/Media/Ban_do/HoChiMinh/HCM_Q10/HCM_Q10_Phuong5/13/6_6.jpeg
ward_planning_map,HCM_Q10,HCM_Q10_Phuong5,13,6,7,10766,Media/Ban_do/HoChiMinh/HCM_Q10/HCM_Q10_Phuong5/13/6_7.jpeg,https://bandoquyhoach.vn/Media/Ban_do/HoChiMinh/HCM_Q10/HCM_Q10_Phuong5/13/6_7.jpeg
ward_planning_map,HCM_Q10,HCM_Q10_Phuong5,13,6,8,10595,Media/Ban_do/HoChiMinh/HCM_Q10/HCM_Q10_Phuong5/13/6_8.jpeg,https://bandoquyhoach.vn/Media/Ban_do/HoChiMinh/HCM_Q10/HCM_Q10_Phuong5/13/6_8.jpeg
ward_planning_map,HCM_Q10,HCM_Q10_Phuong5,13,6,9,7668,Media/Ban_do/HoChiMinh/HCM_Q10/HCM_Q10_Phuong5/13/6_9.jpeg,https://bandoquyhoach.vn/Media/Ban_do/HoChiMinh/HCM_Q10/HCM_Q10_Phuong5/13/6_9.jpeg
ward_planning_map,HCM_Q10,HCM_Q10_Phuong5,13,7,5,8792,Media/Ban_do/HoChiMinh/HCM_Q10/HCM_Q10_Phuong5/13/7_5.jpeg,https://bandoquyhoach.vn/Media/Ban_do/HoChiMinh/HCM_Q10/HCM_Q10_Phuong5/13/7_5.jpeg
ward_planning_map,HCM_Q10,HCM_Q10_Phuong5,13,7,6,10177,Media/Ban_do/HoChiMinh/HCM_Q10/HCM_Q10_Phuong5/13/7_6.jpeg,https://bandoquyhoach.vn/Media/Ban_do/HoChiMinh/HCM_Q10/HCM_Q10_Phuong5/13/7_6.jpeg
ward_planning_map,HCM_Q10,HCM_Q10_Phuong5,13,7,7,9728,Media/Ban_do/HoChiMinh/HCM_Q10/HCM_Q10_Phuong5/13/7_7.jpeg,https://bandoquyhoach.vn/Media/Ban_do/HoChiMinh/HCM_Q10/HCM_Q10_Phuong5/13/7_7.jpeg
ward_planning_map,HCM_Q10,HCM_Q10_Phuong5,13,7,8,9807,Media/Ban_do/HoChiMinh/HCM_Q10/HCM_Q10_Phuong5/13/7_8.jpeg,https://bandoquyhoach.vn/Media/Ban_do/HoChiMinh/HCM_Q10/HCM_Q10_Phuong5/13/7_8.jpeg
ward_planning_map,HCM_Q10,HCM_Q10_Phuong5,13,7,9,8899,Media/Ban_do/HoChiMinh/HCM_Q10/HCM_Q10_Phuong5/13/7_9.jpeg,https://bandoquyhoach.vn/Media/Ban_do/HoChiMinh/HCM_Q10/HCM_Q10_Phuong5/13/7_9.jpeg
ward_planning_map,HCM_Q10,HCM_Q10_Phuong5,13,8,7,11063,Media/Ban_do/HoChiMinh/HCM_Q10/HCM_Q10_Phuong5/13/8_7.jpeg,https://bandoquyhoach.vn/Media/Ban_do/HoChiMinh/HCM_Q10/HCM_Q10_Phuong5/13/8_7.jpeg
ward_planning_map,HCM_Q10,HCM_Q10_Phuong5,13,8,8,12069,Media/Ban_do/HoChiMinh/HCM_Q10/HCM_Q10_Phuong5/13/8_8.jpeg,https://bandoquyhoach.vn/Media/Ban_do/HoChiMinh/HCM_Q10/HCM_Q10_Phuong5/13/8_8.jpeg
ward_planning_map,HCM_Q10,HCM_Q10_Phuong5,13,8,9,10739,Media/Ban_do/HoChiMinh/HCM_Q10/HCM_Q10_Phuong5/13/8_9.jpeg,https://bandoquyhoach.vn/Media/Ban_do/HoChiMinh/HCM_Q10/HCM_Q10_Phuong5/13/8_9.jpeg
ward_planning_map,HCM_Q10,HCM_Q10_Phuong6,10,0,0,10848,Media/Ban_do/HoChiMinh/HCM_Q10/HCM_Q10_Phuong6/10/0_0.jpeg,https://bandoquyhoach.vn/Media/Ban_do/HoChiMinh/HCM_Q10/HCM_Q10_Phuong6/10/0_0.jpeg
ward_planning_map,HCM_Q10,HCM_Q10_Phuong6,10,0,1,9894,Media/Ban_do/HoChiMinh/HCM_Q10/HCM_Q10_Phuong6/10/0_1.jpeg,https://bandoquyhoach.vn/Media/Ban_do/HoChiMinh/HCM_Q10/HCM_Q10_Phuong6/10/0_1.jpeg
ward_planning_map,HCM_Q10,HCM_Q10_Phuong6,10,0,2,3701,Media/Ban_do/HoChiMinh/HCM_Q10/HCM_Q10_Phuong6/10/0_2.jpeg,https://bandoquyhoach.vn/Media/Ban_do/HoChiMinh/HCM_Q10/HCM_Q10_Phuong6/10/0_2.jpeg
ward_planning_map,HCM_Q10,HCM_Q10_Phuong6,10,1,0,6212,Media/Ban_do/HoChiMinh/HCM_Q10/HCM_Q10_Phuong6/10/1_0.jpeg,https://bandoquyhoach.vn/Media/Ban_do/HoChiMinh/HCM_Q10/HCM_Q10_Phuong6/10/1_0.jpeg
ward_planning_map,HCM_Q10,HCM_Q10_Phuong6,10,1,1,7291,Media/Ban_do/HoChiMinh/HCM_Q10/HCM_Q10_Phuong6/10/1_1.jpeg,https://bandoquyhoach.vn/Media/Ban_do/HoChiMinh/HCM_Q10/HCM_Q10_Phuong6/10/1_1.jpeg
ward_planning_map,HCM_Q10,HCM_Q10_Phuong6,10,1,2,6533,Media/Ban_do/HoChiMinh/HCM_Q10/HCM_Q10_Phuong6/10/1_2.jpeg,https://bandoquyhoach.vn/Media/Ban_do/HoChiMinh/HCM_Q10/HCM_Q10_Phuong6/10/1_2.jpeg
ward_planning_map,HCM_Q10,HCM_Q10_Phuong7,10,0,0,9558,Media/Ban_do/HoChiMinh/HCM_Q10/HCM_Q10_Phuong7/10/0_0.jpeg,https://bandoquyhoach.vn/Media/Ban_do/HoChiMinh/HCM_Q10/HCM_Q10_Phuong7/10/0_0.jpeg
ward_planning_map,HCM_Q10,HCM_Q10_Phuong7,10,0,1,6898,Media/Ban_do/HoChiMinh/HCM_Q10/HCM_Q10_Phuong7/10/0_1.jpeg,https://bandoquyhoach.vn/Media/Ban_do/HoChiMinh/HCM_Q10/HCM_Q10_Phuong7/10/0_1.jpeg
ward_planning_map,HCM_Q10,HCM_Q10_Phuong7,10,0,2,5135,Media/Ban_do/HoChiMinh/HCM_Q10/HCM_Q10_Phuong7/10/0_2.jpeg,https://bandoquyhoach.vn/Media/Ban_do/HoChiMinh/HCM_Q10/HCM_Q10_Phuong7/10/0_2.jpeg
ward_planning_map,HCM_Q10,HCM_Q10_Phuong7,10,1,0,2343,Media/Ban_do/HoChiMinh/HCM_Q10/HCM_Q10_Phuong7/10/1_0.jpeg,https://bandoquyhoach.vn/Media/Ban_do/HoChiMinh/HCM_Q10/HCM_Q10_Phuong7/10/1_0.jpeg
ward_planning_map,HCM_Q10,HCM_Q10_Phuong7,10,1,1,1807,Media/Ban_do/HoChiMinh/HCM_Q10/HCM_Q10_Phuong7/10/1_1.jpeg,https://bandoquyhoach.vn/Media/Ban_do/HoChiMinh/HCM_Q10/HCM_Q10_Phuong7/10/1_1.jpeg
ward_planning_map,HCM_Q10,HCM_Q10_Phuong7,10,1,2,3017,Media/Ban_do/HoChiMinh/HCM_Q10/HCM_Q10_Phuong7/10/1_2.jpeg,https://bandoquyhoach.vn/Media/Ban_do/HoChiMinh/HCM_Q10/HCM_Q10_Phuong7/10/1_2.jpeg
ward_planning_map,HCM_Q10,HCM_Q10_Phuong9,10,0,0,11144,Media/Ban_do/HoChiMinh/HCM_Q10/HCM_Q10_Phuong9/10/0_0.jpeg,https://bandoquyhoach.vn/Media/Ban_do/HoChiMinh/HCM_Q10/HCM_Q10_Phuong9/10/0_0.jpeg
ward_planning_map,HCM_Q10,HCM_Q10_Phuong9,10,0,1,6131,Media/Ban_do/HoChiMinh/HCM_Q10/HCM_Q10_Phuong9/10/0_1.jpeg,https://bandoquyhoach.vn/Media/Ban_do/HoChiMinh/HCM_Q10/HCM_Q10_Phuong9/10/0_1.jpeg
ward_planning_map,HCM_Q10,HCM_Q10_Phuong9,10,1,0,11372,Media/Ban_do/HoChiMinh/HCM_Q10/HCM_Q10_Phuong9/10/1_0.jpeg,https://bandoquyhoach.vn/Media/Ban_do/HoChiMinh/HCM_Q10/HCM_Q10_Phuong9/10/1_0.jpeg
ward_planning_map,HCM_Q10,HCM_Q10_Phuong9,10,1,1,5650,Media/Ban_do/HoChiMinh/HCM_Q10/HCM_Q10_Phuong9/10/1_1.jpeg,https://bandoquyhoach.vn/Media/Ban_do/HoChiMinh/HCM_Q10/HCM_Q10_Phuong9/10/1_1.jpeg
ward_planning_map,HCM_Q10,HCM_Q10_Phuong9,10,2,0,10782,Media/Ban_do/HoChiMinh/HCM_Q10/HCM_Q10_Phuong9/10/2_0.jpeg,https://bandoquyhoach.vn/Media/Ban_do/HoChiMinh/HCM_Q10/HCM_Q10_Phuong9/10/2_0.jpeg
ward_planning_map,HCM_Q10,HCM_Q10_Phuong9,10,2,1,5768,Media/Ban_do/HoChiMinh/HCM_Q10/HCM_Q10_Phuong9/10/2_1.jpeg,https://bandoquyhoach.vn/Media/Ban_do/HoChiMinh/HCM_Q10/HCM_Q10_Phuong9/10/2_1.jpeg
